0,0,0,0,0,0,150504,0,0,95788,0,0,0,0,0,0,0,0,0,317514,0,0,0,0,0,0,0,0,0,0,0,0,13678,0,0,0,0,0,0,0,0,0,0,0,0,0,0,0,0,0,0,0,0,0,0,0,0,0,0,0,18803,0,0,0,0,0,0,0,0,0,0,0,44571,0,0,0,0,0,0,0,0,0,0,164476,0,0,0,0,0,0,0,0,0,0,0,0
0,0,0,0,33530,6460,0,0,0,119310,0,0,0,0,0,45620,8960,0,59240,0,0,0,168300,286840,0,0,0,0,0,86570,11570,4540,0,0,11140,11190,0,0,40240,21100,37350,0,16380,0,28280,0,0,0,6380,42020,0,4020,21010,6730,61450,0,115400,0,0,0,0,0,0,24680,12930,28020,10720,44440,0,0,0,0,0,5520,0,0,0,0,13000,0,0,0,6590,290040,0,16660,0,0,35050,23030,0,9990,0,0,0,0
0,0,0,14740,67120,0,0,0,59860,216900,0,0,0,0,0,61740,0,0,12750,0,0,0,46730,32290,0,0,0,0,18890,55450,5000,0,0,0,4700,9730,0,0,9330,23100,22730,0,57930,0,23090,21660,0,0,6100,58580,0,0,12550,6430,28050,0,15610,0,0,0,0,0,0,8900,8240,22060,123790,19030,0,0,0,0,0,0,0,0,0,0,0,0,0,0,11540,80060,0,31950,0,0,10970,657990,0,7760,0,0,0,0
0,0,14740,0,639726,0,0,16852,142721.919315011,1587178,0,0,0,0,32182,40540,13000,0,100080,0,0,0,441138,56060,0,58334,0,0,0,44008,13920,0,446012,0,0,42320,0,57030.4582921935,0,107484,12420,0,90200,0,54240,0,0,0,8540,868192,37230.5933381682,0,0,0,381944,27834.0726406374,7960,0,0,43340.7491647483,0,0,50040,38180,20700,275224.094117352,97560,78920,12825.2239867669,0,189544.220336203,0,645522,0,0,52676.9158779478,72638,0,0,0,0,0,43704,57716,0,54280,0,0,0,255880,0,8720,0,0,0,0
0,33530,67120,639726,0,34440,0,0,39348,2980650,0,0,0,0,0,848090,40400,0,135230,209604,0,0,501960,308650,0,24686,0,0,110030,891860,165000,140130,511368,61820,121710,70870,12900,91232,168490,204280,325020,0,412870,9100,340350,159030,0,0,134420,485350,0,15550,244860,168080,400730,0,269380,185520,0,14612,0,0,0,209070,101730,55394,367640,284190,0,0,86442,0,294530,21460,0,116416,147024,61440,43640,113750,0,0,148580,1215830,0,401160,0,7090,111100,657040,0,186430,9670,0,0,0
0,6460,0,0,34440,0,0,0,0,115030,0,0,0,0,0,41110,0,0,23040,0,0,0,128940,132230,0,0,0,0,0,90360,9810,0,0,0,11460,12690,0,0,14000,13890,21370,0,17530,0,34610,0,0,0,4050,63400,0,0,18020,0,51890,0,62270,0,0,0,0,0,0,16760,0,26880,10470,24200,0,0,0,0,0,0,0,0,0,0,10150,0,0,0,13440,277200,0,9700,0,0,17560,19100,0,10200,0,0,0,0
150504,0,0,0,0,0,0,120207,0,37820,0,0,99978,23409,66780,0,0,0,0,2214383,74501,0,0,0,322818,65362,0,0,0,0,0,0,1778488,0,0,0,0,0,0,0,0,276823,0,0,0,0,0,74869,0,0,0,0,0,0,0,0,0,0,0,0,246541,0,79861,0,0,0,0,0,0,68909,0,42553,20829,0,14364,0,810750,194872,0,0,0,0,0,0,0,0,22443,0,0,0,0,0,0,0,0,68696
0,0,0,16852,0,0,120207,0,0,87098,0,0,0,0,0,0,0,0,0,309065,0,0,0,0,0,0,0,0,0,0,0,0,186540,0,0,0,0,0,0,0,0,0,0,0,0,0,0,0,0,0,0,0,0,0,0,0,0,0,0,0,5858,0,0,0,0,0,0,0,0,0,0,0,0,0,0,0,119900,55701,0,0,0,0,0,0,0,0,0,0,0,0,0,0,0,0,0,0
0,0,59860,142721.919315011,39348,0,0,0,0,3115402,0,0,0,0,8736,152760,20120,0,158220,331772,0,0,432086,88000,0,8690,0,0,11940,245066,28580,9400,321182,0,9420,40760,0,63625.8034140147,0,169116,68480,0,84660,0,62100,0,0,0,12580,705114,41966.7437009644,0,0,13360,470410,31408.4993943941,69120,0,0,48867.2808094109,0,0,21850,66500,20120,309723.28628507,148020,98320,14459.2322939762,0,213426.874361608,0,350712,0,0,57900.0388108057,30676,0,0,0,0,0,51170,351276,0,76940,0,0,12140,167920,0,26360,0,0,0,0
95788,119310,216900,1587178,2980650,115030,37820,87098,3115402,0,0,0,0,0,66160,2808550,169060,0,584230,3176778,20988,0,2607230,1322070,363844,146252,0,0,355040,3083380,334170,125320,5248626,61510,294670,493210,42570,165856,676840,1487420,681630,248372,867350,36150,934820,213250,0,0,190760,4150910,0,33930,1529250,332220,3237100,8792,852140,43660,0,64840,0,0,0,608710,229730,131642,2248540,990030,0,0,444368,0,1452884,70430,0,10886,118852,44874,162590,47520,0,0,626220,5006640,0,1280370,0,31300,1151110,3736450,9400,311090,45310,0,0,106912
0,0,0,0,0,0,0,0,0,0,0,0,0,0,0,0,0,0,0,462433,0,0,0,0,0,0,0,0,0,0,0,0,0,0,0,0,0,0,0,0,0,0,0,0,0,0,0,0,0,0,0,0,0,0,0,0,0,0,0,0,0,0,0,0,0,0,0,0,0,0,0,0,0,0,0,0,0,0,0,0,0,13532,0,20912,0,0,21709,0,0,0,0,0,0,0,0,0
0,0,0,0,0,0,0,0,0,0,0,0,0,0,0,0,0,0,0,1235985,0,11594,0,0,0,0,0,0,0,0,0,0,94433,0,0,0,0,0,0,0,0,0,0,0,0,0,0,0,0,0,0,0,0,0,0,0,0,0,0,0,103338,0,0,0,0,0,0,0,0,0,0,0,101768,0,0,0,0,0,0,0,0,0,0,0,0,0,0,0,0,0,0,0,0,18075,0,0
0,0,0,0,0,0,99978,0,0,0,0,0,0,30987,0,27898,0,0,0,1289295,0,0,0,0,32228,0,0,0,0,0,0,0,299423,0,0,0,0,0,0,0,0,0,0,0,0,0,0,0,0,0,0,0,0,0,0,0,0,0,0,0,379219,0,0,0,0,0,0,0,0,0,0,0,24503,0,0,0,33208,56589,0,0,0,0,0,144194,0,0,0,0,0,0,0,0,0,0,0,0
0,0,0,0,0,0,23409,0,0,0,0,0,30987,0,0,0,0,0,0,581481,0,0,0,0,5424,0,0,0,0,0,0,0,49976,0,0,0,0,0,0,0,0,0,0,0,0,0,0,0,0,0,0,0,0,0,0,0,0,0,0,0,6735,0,0,0,0,0,0,0,0,0,0,0,0,0,0,0,0,0,0,0,0,0,0,73840,0,0,0,0,0,0,0,0,0,0,0,0
0,0,0,32182,0,0,66780,0,8736,66160,0,0,0,0,0,0,0,0,0,166504,0,12580,0,0,0,0,0,0,0,0,0,0,0,0,0,0,0,0,0,0,0,0,8036,0,0,0,0,0,0,0,0,0,0,0,0,0,0,0,0,0,0,0,0,0,0,10050,0,0,0,0,0,0,0,0,0,0,0,0,0,0,0,0,0,10942,0,0,0,0,0,0,0,0,0,0,0,0
0,45620,61740,40540,848090,41110,0,0,152760,2808550,0,0,27898,0,0,0,75020,0,226860,122214,0,0,1149620,459070,0,0,0,0,112980,869800,191600,118160,413498,43300,148450,175350,16710,22540,191450,312700,324020,0,432020,12790,492750,140410,0,0,171460,675940,0,15050,258860,108140,630180,0,362310,85790,0,12440,0,0,0,284220,197100,208380,335790,430120,0,0,85000,0,909498,17040,0,7780,0,0,57160,68990,0,0,289670,1757430,0,348330,0,13750,314280,557550,4050,230020,52780,0,0,0
0,8960,0,13000,40400,0,0,0,20120,169060,0,0,0,0,0,75020,0,0,114680,0,0,0,620520,131880,0,0,0,0,0,169200,16930,5460,0,0,20330,16730,0,0,127240,0,68920,0,49650,0,28420,0,0,0,5420,48190,0,0,15010,6730,8910,0,141490,0,0,0,0,0,0,36580,8400,37140,12030,67200,0,0,0,0,18078,0,0,0,0,0,29550,0,0,0,32540,108990,0,13390,0,0,61400,22840,0,15150,0,0,0,0
0,0,0,0,0,0,0,0,0,0,0,0,0,0,0,0,0,0,0,0,0,0,0,0,0,0,0,0,0,0,0,0,0,0,0,0,0,0,0,0,0,0,0,0,0,0,0,0,0,0,0,0,0,0,0,0,0,0,0,0,0,0,0,0,0,0,0,0,0,0,0,0,0,0,0,0,0,0,0,0,0,0,0,0,0,0,0,0,0,0,0,0,0,0,0,0
0,59240,12750,100080,135230,23040,0,0,158220,584230,0,0,0,0,0,226860,114680,0,0,306596,0,0,1235320,384550,0,0,0,0,11340,550670,105830,33010,0,10450,87980,128890,58700,26540,24970,488430,138720,0,159720,21570,221250,12900,0,0,51130,103930,0,30530,52650,30860,493020,0,231770,7740,0,29820,0,0,0,160440,33370,491920,69950,62720,0,0,203640,0,415666,61610,0,8380,0,0,136630,8310,0,0,168720,667960,0,70790,0,31600,67350,113080,6660,87630,4580,0,0,0
317514,0,0,0,209604,0,2214383,309065,331772,3176778,462433,1235985,1289295,581481,166504,122214,0,0,306596,0,236920,0,2631614,880682,386447,807161,0,0,0,986294,0,0,3543209,0,0,0,0,0,0,123380,175522,115066,0,0,0,0,0,44232,0,768060,0,0,298860,0,1354286,0,117528,0,0,0,3175320,0,1266775,0,0,456918,0,0,0,0,229104,83253,4570151,0,264747,0,1075928,817240,0,0,804267,950733,0,3659868,0,151324,809645,0,0,0,0,0,0,1414069,0,155394
0,0,0,0,0,0,74501,0,0,20988,0,0,0,0,0,0,0,0,0,236920,0,0,0,0,0,0,0,0,0,52184,0,0,21467,0,0,0,0,0,0,0,0,0,0,0,0,0,0,0,0,0,0,0,0,0,0,0,0,0,0,0,24943,0,0,0,0,0,0,0,0,0,0,0,0,0,0,0,0,0,0,0,0,0,0,0,0,0,0,0,0,0,0,0,0,0,0,0
0,0,0,0,0,0,0,0,0,0,0,11594,0,0,12580,0,0,0,0,0,0,0,0,0,0,32874,0,0,0,0,0,0,127380,0,0,0,0,0,0,0,0,0,0,0,0,0,0,19478,0,10802,0,0,0,0,0,0,0,0,0,0,199921,0,9420,0,0,0,0,0,0,0,0,0,118911,0,0,0,0,0,0,0,0,0,0,0,0,0,7759,0,0,0,0,0,0,0,0,0
0,168300,46730,441138,501960,128940,0,0,432086,2607230,0,0,0,0,0,1149620,620520,0,1235320,2631614,0,0,0,2984170,0,0,0,0,33590,3042840,1055150,280020,131238,50990,1105880,501650,194380,152852,1384200,1556640,1477360,0,655670,34570,1031080,39140,0,0,171700,782000,51764,244250,2222280,80990,6150390,54532,1962450,100510,0,191376,26554,0,0,1622660,205650,263402,192490,2778940,16692,0,518002,0,2007010,461440,0,50452,0,0,318750,74620,0,0,1219950,3139880,0,260170,0,71490,874510,437340,155150,497700,13990,72140,0,0
0,286840,32290,56060,308650,132230,0,0,88000,1322070,0,0,0,0,0,459070,131880,0,384550,880682,0,0,2984170,0,93586,0,0,0,20920,861540,286260,62430,369496,46530,347260,373800,43660,16320,402940,387100,463300,0,294150,125760,460570,27620,0,0,79620,371010,0,26920,325840,53670,1204600,0,793480,13280,0,14500,257304,0,0,580650,137330,452520,109970,743320,0,0,12520,0,1586222,55220,0,0,0,0,336210,18570,0,0,452080,1483470,0,178790,0,17310,623970,238140,27040,266610,10620,0,0,0
0,0,0,0,0,0,322818,0,0,363844,0,0,32228,5424,0,0,0,0,0,386447,0,0,0,93586,0,0,0,0,0,64462,0,0,26716,0,0,0,0,0,0,0,0,0,0,0,0,0,0,0,0,0,0,0,0,0,0,0,0,0,0,0,255593,0,0,0,0,0,0,0,0,0,0,0,113118,0,0,0,0,0,0,0,0,0,0,549980,0,0,0,0,0,0,0,0,0,0,0,0
0,0,0,58334,24686,0,65362,0,8690,146252,0,0,0,0,0,0,0,0,0,807161,0,32874,0,0,0,0,0,0,0,14526,0,0,7660,0,0,0,0,10802,0,0,0,0,41294,0,0,0,0,0,0,0,0,0,0,0,0,0,0,0,0,0,59344,0,0,0,0,28316,0,0,0,0,24496,7213,0,0,0,15294,0,0,0,0,0,0,0,76058,0,0,0,0,0,0,0,0,0,0,0,0
0,0,0,0,0,0,0,0,0,0,0,0,0,0,0,0,0,0,0,0,0,0,0,0,0,0,0,0,0,0,0,0,0,0,0,0,0,0,0,0,0,0,0,0,0,0,0,0,0,0,0,0,0,0,0,0,0,0,0,0,0,0,0,0,0,0,0,0,0,0,0,0,0,0,0,0,0,0,0,0,0,0,0,0,0,0,0,0,0,0,0,0,0,0,0,0
0,0,0,0,0,0,0,0,0,0,0,0,0,0,0,0,0,0,0,0,0,0,0,0,0,0,0,0,0,0,0,0,0,0,0,0,0,0,0,0,0,0,0,0,0,0,0,0,0,0,0,0,0,0,0,0,0,0,0,0,0,0,0,0,0,0,0,0,0,0,0,0,0,0,0,0,0,0,0,0,0,0,0,0,0,0,0,0,0,0,0,0,0,0,0,0
0,0,18890,0,110030,0,0,0,11940,355040,0,0,0,0,0,112980,0,0,11340,0,0,0,33590,20920,0,0,0,0,0,37510,5930,0,0,0,5160,6030,0,0,10070,12120,11980,0,39720,0,17700,9480,0,0,5690,117560,0,0,9700,6160,19430,0,12460,0,0,0,0,0,0,8760,7030,9300,85280,13420,0,0,0,0,0,0,0,0,0,0,0,0,0,0,10860,74120,0,137150,0,0,10440,205920,0,8160,0,0,0,0
0,86570,55450,44008,891860,90360,0,0,245066,3083380,0,0,0,0,0,869800,169200,0,550670,986294,52184,0,3042840,861540,64462,14526,0,0,37510,0,207710,173980,787866,65160,251930,252320,35000,47060,393250,739190,608170,177898,723570,20180,630770,35060,0,0,200300,891010,0,77210,546230,81000,1875970,0,636500,40160,0,22440,186084,0,9752,660470,121800,824820,303000,865500,0,0,306126,0,1425640,111240,0,14546,0,0,163180,43840,0,0,457080,1764390,0,232120,0,35800,327430,517740,10080,201360,17290,0,0,84566
0,11570,5000,13920,165000,9810,0,0,28580,334170,0,0,0,0,0,191600,16930,0,105830,0,0,0,1055150,286260,0,0,0,0,5930,207710,0,8990,0,5670,0,32360,6430,0,59680,85350,92590,0,91380,5130,51400,6630,0,0,12950,173830,0,5130,80000,8770,179730,0,146800,4460,0,0,0,0,0,10090,16600,21260,30180,92840,0,0,31140,0,31614,8620,0,0,0,0,42950,5100,0,0,25710,283570,0,32130,0,0,58530,51570,0,14650,0,0,0,0
0,4540,0,0,140130,0,0,0,9400,125320,0,0,0,0,0,118160,5460,0,33010,0,0,0,280020,62430,0,0,0,0,0,173980,8990,0,0,0,7960,10130,0,0,11960,16610,39590,0,45720,0,28750,0,0,0,0,132910,0,0,18690,0,40430,0,43050,0,0,0,0,0,0,17770,5630,25280,16620,25580,0,0,0,0,0,0,0,0,0,0,8120,0,0,0,17880,126760,0,14990,0,0,14220,24100,0,0,0,0,0,0
13678,0,0,446012,511368,0,1778488,186540,321182,5248626,0,94433,299423,49976,0,413498,0,0,0,3543209,21467,127380,131238,369496,26716,7660,0,0,0,787866,0,0,0,0,0,0,0,74992,0,0,50098,0,161218,0,0,0,10772,0,0,406054,0,60380,69728,0,107940,0,0,0,0,0,826422,0,22342,0,0,216848,134364,0,0,18846,88666,24342,649131,0,7557,77272,227726,315631,0,0,93284,87365,0,1927568,0,108808,124617,0,0,189332,0,15226,0,120697,0,0
0,0,0,0,61820,0,0,0,0,61510,0,0,0,0,0,43300,0,0,10450,0,0,0,50990,46530,0,0,0,0,0,65160,5670,0,0,0,4890,6590,0,0,6680,7140,8530,0,15860,0,26450,0,0,0,0,62870,0,0,6060,0,15610,0,13810,0,0,0,0,0,0,8260,0,12280,6690,12480,0,0,9620,0,0,0,0,0,0,0,4070,0,0,0,9940,120250,0,5390,0,0,8470,13980,0,4360,0,0,0,0
0,11140,4700,0,121710,11460,0,0,9420,294670,0,0,0,0,0,148450,20330,0,87980,0,0,0,1105880,347260,0,0,0,0,5160,251930,0,7960,0,4890,0,52640,7490,0,102980,66420,88460,0,80100,5100,43840,6970,0,0,10890,195240,0,7290,85000,7590,162520,0,171000,0,0,0,0,0,0,8150,13770,29080,26130,113960,0,0,10180,0,63666,9810,0,0,0,0,52130,4080,0,0,25120,333020,0,54210,0,0,45470,50470,0,30050,0,0,0,0
0,11190,9730,42320,70870,12690,0,0,40760,493210,0,0,0,0,0,175350,16730,0,128890,0,0,0,501650,373800,0,0,0,0,6030,252320,32360,10130,0,6590,52640,0,9510,8280,85440,97490,84680,0,48420,0,92700,6990,0,0,14140,145980,0,5300,96650,14370,280990,0,134230,5500,0,8160,0,0,0,58660,37750,117560,37090,145210,0,0,46100,0,29778,11860,0,0,0,0,30200,0,0,0,97410,926430,0,34820,0,0,73250,78330,0,28950,0,0,0,0
0,0,0,0,12900,0,0,0,0,42570,0,0,0,0,0,16710,0,0,58700,0,0,0,194380,43660,0,0,0,0,0,35000,6430,0,0,0,7490,9510,0,0,55040,0,31860,0,9090,0,12910,0,0,0,0,9020,0,0,42480,0,110540,0,45650,0,0,0,0,0,0,13460,0,0,4050,62530,0,0,0,0,0,0,0,0,0,0,10660,0,0,0,13850,33130,0,4430,0,0,24640,8620,0,7690,0,0,0,0
0,0,0,57030.4582921935,91232,0,0,0,63625.8034140147,165856,0,0,0,0,0,22540,0,0,26540,0,0,0,152852,16320,0,10802,0,0,0,47060,0,0,74992,0,0,8280,0,0,0,25404,9720,0,26660,0,8960,0,0,0,0,133052,14905.2426503176,0,0,0,73516,11101.4455367812,0,0,0,17340.0228512831,0,0,10312,0,0,110981.656532281,10460,11560,5131.32336969876,0,76207.1742958371,0,111564,0,0,20530.1709924276,0,0,0,0,0,0,12340,33158,0,0,0,0,0,10960,0,0,0,0,0,0
0,40240,9330,0,168490,14000,0,0,0,676840,0,0,0,0,0,191450,127240,0,24970,0,0,0,1384200,402940,0,0,0,0,10070,393250,59680,11960,0,6680,102980,85440,55040,0,0,375210,212570,0,124410,6210,150300,10260,0,0,11760,237910,0,139310,10460,47800,364110,0,330070,0,0,0,0,0,0,143250,41700,0,43220,74360,0,0,0,0,376474,155600,0,0,0,0,98810,0,0,0,160680,612600,0,87650,0,0,75000,113930,0,65430,0,0,0,0
0,21100,23100,107484,204280,13890,0,0,169116,1487420,0,0,0,0,0,312700,0,0,488430,123380,0,0,1556640,387100,0,0,0,0,12120,739190,85350,16610,0,7140,66420,97490,0,25404,375210,0,219900,0,179490,6950,141840,20770,0,0,16660,216940,0,0,265450,23900,789720,16692,447880,4470,0,104010,0,0,0,216240,22390,635066,103430,466570,0,0,127840,0,201886,0,0,8148,0,0,111110,5300,0,0,184430,687770,0,98720,0,0,277500,231120,0,85220,8450,0,0,0
0,37350,22730,12420,325020,21370,0,0,68480,681630,0,0,0,0,0,324020,68920,0,138720,175522,0,0,1477360,463300,0,0,0,0,11980,608170,92590,39590,50098,8530,88460,84680,31860,9720,212570,219900,0,0,269160,9550,189660,16650,0,0,34590,294660,0,24240,186360,16090,529320,0,261880,9760,0,8800,19836,0,0,94780,38180,61980,63860,271080,0,0,70920,0,445792,34280,0,0,0,0,92370,7670,0,0,182460,587100,0,94190,0,14750,129020,166650,0,170140,4750,0,0,0
0,0,0,0,0,0,276823,0,0,248372,0,0,0,0,0,0,0,0,0,115066,0,0,0,0,0,0,0,0,0,177898,0,0,0,0,0,0,0,0,0,0,0,0,0,0,0,0,0,0,0,0,0,0,0,0,0,0,0,0,0,0,0,0,0,0,0,0,0,0,0,0,0,0,0,0,0,0,0,0,0,0,0,0,0,105758,0,0,0,0,0,0,0,0,0,0,0,0
0,16380,57930,90200,412870,17530,0,0,84660,867350,0,0,0,0,8036,432020,49650,0,159720,0,0,0,655670,294150,0,41294,0,0,39720,723570,91380,45720,161218,15860,80100,48420,9090,26660,124410,179490,269160,0,0,7500,207080,95420,0,0,60720,228070,0,6440,99590,23300,346200,0,172670,154770,0,7720,0,0,0,118270,33210,172720,133800,192080,0,0,81780,0,629866,10380,0,23960,57240,0,31960,66380,0,0,105370,475900,0,105450,0,5680,90980,275470,0,242250,7230,0,0,0
0,0,0,0,9100,0,0,0,0,36150,0,0,0,0,0,12790,0,0,21570,0,0,0,34570,125760,0,0,0,0,0,20180,5130,0,0,0,5100,0,0,0,6210,6950,9550,0,7500,0,9010,0,0,0,0,9100,0,0,6600,0,16390,0,40220,0,0,0,0,0,0,7760,4810,0,0,12960,0,0,0,0,0,0,0,0,0,0,7590,0,0,0,6810,122040,0,4600,0,0,14040,8780,0,4280,0,0,0,0
0,28280,23090,54240,340350,34610,0,0,62100,934820,0,0,0,0,0,492750,28420,0,221250,0,0,0,1031080,460570,0,0,0,0,17700,630770,51400,28750,0,26450,43840,92700,12910,8960,150300,141840,189660,0,207080,9010,0,18880,0,0,58290,350250,0,13090,137480,36430,334630,0,242060,10330,0,0,0,0,0,130000,74180,9540,108550,220820,0,0,32200,0,308196,15680,0,0,0,0,56070,7040,0,0,147410,961310,0,100410,0,4230,90720,189050,0,92090,4400,0,0,0
0,0,21660,0,159030,0,0,0,0,213250,0,0,0,0,0,140410,0,0,12900,0,0,0,39140,27620,0,0,0,0,9480,35060,6630,0,0,0,6970,6990,0,0,10260,20770,16650,0,95420,0,18880,0,0,0,5230,182630,0,0,14190,5920,26540,0,16140,0,0,0,0,0,0,9480,6060,0,60610,17110,0,0,0,0,0,0,0,0,0,0,0,0,0,0,13190,56580,0,131980,0,0,11430,157450,0,11080,0,0,0,0
0,0,0,0,0,0,0,0,0,0,0,0,0,0,0,0,0,0,0,0,0,0,0,0,0,0,0,0,0,0,0,0,10772,0,0,0,0,0,0,0,0,0,0,0,0,0,0,0,0,0,0,0,0,0,0,0,0,0,0,0,11893,0,0,0,0,0,0,0,0,0,0,0,0,0,0,0,0,0,0,0,0,0,0,0,0,0,0,0,0,0,0,0,0,0,0,0
0,0,0,0,0,0,74869,0,0,0,0,0,0,0,0,0,0,0,0,44232,0,19478,0,0,0,0,0,0,0,0,0,0,0,0,0,0,0,0,0,0,0,0,0,0,0,0,0,0,0,0,0,0,0,0,0,0,0,0,0,0,0,0,0,0,0,0,0,0,0,0,0,0,0,0,0,0,0,0,0,0,0,0,0,0,0,0,0,0,0,0,0,0,0,0,0,0
0,6380,6100,8540,134420,4050,0,0,12580,190760,0,0,0,0,0,171460,5420,0,51130,0,0,0,171700,79620,0,0,0,0,5690,200300,12950,0,0,0,10890,14140,0,0,11760,16660,34590,0,60720,0,58290,5230,0,0,0,104420,0,0,24290,5160,38480,0,40130,0,0,0,0,0,0,20360,5780,22200,30260,25520,0,0,9540,0,0,0,0,0,0,0,10310,0,0,0,21990,172850,0,26230,0,0,18960,45320,0,11910,0,0,0,0
0,42020,58580,868192,485350,63400,0,0,705114,4150910,0,0,0,0,0,675940,48190,0,103930,768060,0,10802,782000,371010,0,0,0,0,117560,891010,173830,132910,406054,62870,195240,145980,9020,133052,237910,216940,294660,0,228070,9100,350250,182630,0,0,104420,0,14360,13670,242530,99380,689560,20528,196660,166110,0,34628,171480,0,0,288770,142710,1015520,384150,338780,0,0,351286,0,0,18760,0,178454,0,0,38460,96290,0,0,200610,1509900,0,269090,0,6470,168620,795830,0,178730,32360,0,0,0
0,0,0,37230.5933381682,0,0,0,0,41966.7437009644,0,0,0,0,0,0,0,0,0,0,0,0,0,51764,0,0,0,0,0,0,0,0,0,0,0,0,0,0,14905.2426503176,0,0,0,0,0,0,0,0,0,0,0,14360,0,0,0,0,10530,7396.81322572422,0,0,0,12185.7566143447,0,0,0,0,0,71184.9115623948,0,0,3655.62996321397,0,50275.8020795244,0,40196,0,0,12326.3958648276,0,0,0,0,0,0,0,0,0,0,0,0,0,0,0,0,0,0,0,0
0,4020,0,0,15550,0,0,0,0,33930,0,0,0,0,0,15050,0,0,30530,0,0,0,244250,26920,0,0,0,0,0,77210,5130,0,60380,0,7290,5300,0,0,139310,0,24240,0,6440,0,13090,0,0,0,0,13670,0,0,13420,0,15810,0,34320,0,0,0,0,0,0,12170,0,0,0,42470,0,0,0,0,453392,0,0,0,0,0,9310,0,0,0,12260,24490,0,6100,0,0,9310,5920,0,5310,0,0,0,0
0,21010,12550,0,244860,18020,0,0,0,1529250,0,0,0,0,0,258860,15010,0,52650,298860,0,0,2222280,325840,0,0,0,0,9700,546230,80000,18690,69728,6060,85000,96650,42480,0,10460,265450,186360,0,99590,6600,137480,14190,0,0,24290,242530,0,13420,0,16850,241440,0,443560,4340,0,0,0,0,0,139080,27360,0,76440,87420,0,0,0,0,813222,13860,0,0,0,0,115160,5370,0,0,119960,643840,0,46140,0,30490,93370,184230,0,54850,8780,0,0,0
0,6730,6430,0,168080,0,0,0,13360,332220,0,0,0,0,0,108140,6730,0,30860,0,0,0,80990,53670,0,0,0,0,6160,81000,8770,0,0,0,7590,14370,0,0,47800,23900,16090,0,23300,0,36430,5920,0,0,5160,99380,0,0,16850,0,75790,0,23820,0,0,0,0,0,0,17480,11840,16920,37720,24250,0,0,8260,0,0,0,0,0,0,0,6510,0,0,0,20540,336850,0,34590,0,0,22040,57200,0,10030,0,0,0,0
0,61450,28050,381944,400730,51890,0,0,470410,3237100,0,0,0,0,0,630180,8910,0,493020,1354286,0,0,6150390,1204600,0,0,0,0,19430,1875970,179730,40430,107940,15610,162520,280990,110540,73516,364110,789720,529320,0,346200,16390,334630,26540,0,0,38480,689560,10530,15810,241440,75790,0,25550,1123720,9840,0,110702,107660,0,0,290740,60570,14268,168180,331320,10024,0,781162,0,1262208,5290,0,45450,0,0,337080,11280,0,0,342560,1552280,0,214650,0,72210,307850,375590,6150,185520,14310,0,0,0
0,0,0,27834.0726406374,0,0,0,0,31408.4993943941,8792,0,0,0,0,0,0,0,0,0,0,0,0,54532,0,0,0,0,0,0,0,0,0,0,0,0,0,0,11101.4455367812,0,16692,0,0,0,0,0,0,0,0,0,20528,7396.81322572422,0,0,0,25550,0,0,0,0,8205.86480469236,0,0,0,0,0,49793.802645644,0,0,2437.17647370186,0,34797.7962842041,0,0,0,0,8744.95032554408,0,0,0,0,0,0,0,19348,0,0,0,0,0,0,0,0,0,0,0,0
0,115400,15610,7960,269380,62270,0,0,69120,852140,0,0,0,0,0,362310,141490,0,231770,117528,0,0,1962450,793480,0,0,0,0,12460,636500,146800,43050,0,13810,171000,134230,45650,0,330070,447880,261880,0,172670,40220,242060,16140,0,0,40130,196660,0,34320,443560,23820,1123720,0,0,8120,0,8720,0,0,0,295610,65180,17520,78760,613030,0,0,51980,0,788824,83190,0,0,0,0,201710,9210,0,0,363540,901310,0,100970,0,26350,423260,161560,32410,89830,6490,0,0,0
0,0,0,0,185520,0,0,0,0,43660,0,0,0,0,0,85790,0,0,7740,0,0,0,100510,13280,0,0,0,0,0,40160,4460,0,0,0,0,5500,0,0,0,4470,9760,0,154770,0,10330,0,0,0,0,166110,0,0,4340,0,9840,0,8120,0,0,0,0,0,0,5870,6440,0,7520,7990,0,0,0,0,0,0,0,0,0,0,0,0,0,0,7540,55970,0,9220,0,0,5500,13900,0,5670,0,0,0,0
0,0,0,0,0,0,0,0,0,0,0,0,0,0,0,0,0,0,0,0,0,0,0,0,0,0,0,0,0,0,0,0,0,0,0,0,0,0,0,0,0,0,0,0,0,0,0,0,0,0,0,0,0,0,0,0,0,0,0,0,0,0,0,0,0,0,0,0,0,0,0,0,0,0,0,0,0,0,0,0,0,0,0,0,0,0,0,0,0,0,0,0,0,0,0,0
0,0,0,43340.7491647483,14612,0,0,0,48867.2808094109,64840,0,0,0,0,0,12440,0,0,29820,0,0,0,191376,14500,0,0,0,0,0,22440,0,0,0,0,0,8160,0,17340.0228512831,0,104010,8800,0,7720,0,0,0,0,0,0,34628,12185.7566143447,0,0,0,110702,8205.86480469236,8720,0,0,0,0,0,0,0,0,85118.9384492,0,16460,4327.44392776264,0,59941.3879171376,0,63894,0,0,14749.3263576451,0,0,0,0,0,0,10056,11688,0,0,0,0,0,8620,0,0,0,0,0,0
18803,0,0,0,0,0,246541,5858,0,0,0,103338,379219,6735,0,0,0,0,0,3175320,24943,199921,26554,257304,255593,59344,0,0,0,186084,0,0,826422,0,0,0,0,0,0,0,19836,0,0,0,0,0,11893,0,0,171480,0,0,0,0,107660,0,0,0,0,0,0,0,59810,0,0,0,0,0,0,114488,0,205397,956063,0,33561,0,248936,220963,0,0,129400,152292,0,1254996,0,0,198660,0,0,0,0,0,0,183561,0,0
0,0,0,0,0,0,0,0,0,0,0,0,0,0,0,0,0,0,0,0,0,0,0,0,0,0,0,0,0,0,0,0,0,0,0,0,0,0,0,0,0,0,0,0,0,0,0,0,0,0,0,0,0,0,0,0,0,0,0,0,0,0,0,0,0,0,0,0,0,0,0,0,0,0,0,0,0,0,0,0,0,0,0,0,0,0,0,0,0,0,0,0,0,0,0,0
0,0,0,50040,0,0,79861,0,21850,0,0,0,0,0,0,0,0,0,0,1266775,0,9420,0,0,0,0,0,0,0,9752,0,0,22342,0,0,0,0,10312,0,0,0,0,0,0,0,0,0,0,0,0,0,0,0,0,0,0,0,0,0,0,59810,0,0,0,0,61434,0,0,0,0,0,0,0,0,0,17956,0,0,0,0,0,0,0,55678,0,0,0,0,0,0,0,0,0,0,0,0
0,24680,8900,38180,209070,16760,0,0,66500,608710,0,0,0,0,0,284220,36580,0,160440,0,0,0,1622660,580650,0,0,0,0,8760,660470,10090,17770,0,8260,8150,58660,13460,0,143250,216240,94780,0,118270,7760,130000,9480,0,0,20360,288770,0,12170,139080,17480,290740,0,295610,5870,0,0,0,0,0,0,32920,82200,52500,163580,0,0,79700,0,196020,15940,0,0,0,0,125980,6660,0,0,137640,506800,0,45600,0,4110,111510,96010,0,47330,4300,0,0,0
0,12930,8240,20700,101730,0,0,0,20120,229730,0,0,0,0,0,197100,8400,0,33370,0,0,0,205650,137330,0,0,0,0,7030,121800,16600,5630,0,0,13770,37750,0,0,41700,22390,38180,0,33210,4810,74180,6060,0,0,5780,142710,0,0,27360,11840,60570,0,65180,6440,0,0,0,0,0,32920,0,13180,25440,40980,0,0,0,0,0,0,0,0,0,0,16200,0,0,0,33890,609880,0,35230,0,0,36830,52570,0,14570,0,0,0,0
0,28020,22060,275224.094117352,55394,26880,0,0,309723.28628507,131642,0,0,0,0,10050,208380,37140,0,491920,456918,0,0,263402,452520,0,28316,0,0,9300,824820,21260,25280,216848,12280,29080,117560,0,110981.656532281,0,635066,61980,0,172720,0,9540,0,0,0,22200,1015520,71184.9115623948,0,0,16920,14268,49793.802645644,17520,0,0,85118.9384492,0,0,61434,82200,13180,0,83420,234200,35042.6209038576,0,533054.806262522,0,1567552,9440,0,130795.987005677,15436,0,83538,0,0,0,141296,793848,0,85940,0,0,29660,203460,0,32740,0,12126,0,0
0,10720,123790,97560,367640,10470,0,0,148020,2248540,0,0,0,0,0,335790,12030,0,69950,0,0,0,192490,109970,0,0,0,0,85280,303000,30180,16620,134364,6690,26130,37090,4050,10460,43220,103430,63860,0,133800,0,108550,60610,0,0,30260,384150,0,0,76440,37720,168180,0,78760,7520,0,0,0,0,0,52500,25440,83420,0,74830,0,0,33680,0,0,4710,0,0,0,0,17600,8190,0,0,50800,392320,0,193000,0,4250,58970,509260,0,37530,4760,0,0,0
0,44440,19030,78920,284190,24200,0,0,98320,990030,0,0,0,0,0,430120,67200,0,62720,0,0,0,2778940,743320,0,0,0,0,13420,865500,92840,25580,0,12480,113960,145210,62530,11560,74360,466570,271080,0,192080,12960,220820,17110,0,0,25520,338780,0,42470,87420,24250,331320,0,613030,7990,0,16460,0,0,0,163580,40980,234200,74830,0,0,0,130340,0,700858,53270,0,0,0,0,205290,8680,0,0,240870,826890,0,79320,0,26390,165850,169610,5940,88250,8320,0,0,0
0,0,0,12825.2239867669,0,0,0,0,14459.2322939762,0,0,0,0,0,0,0,0,0,0,0,0,0,16692,0,0,0,0,0,0,0,0,0,0,0,0,0,0,5131.32336969876,0,0,0,0,0,0,0,0,0,0,0,0,3655.62996321397,0,0,0,10024,2437.17647370186,0,0,0,4327.44392776264,0,0,0,0,0,35042.6209038576,0,0,0,0,14206.6854656442,0,0,0,0,3501.82457189548,0,0,0,0,0,0,0,0,0,0,0,0,0,0,0,0,0,0,0,0
0,0,0,0,0,0,68909,0,0,0,0,0,0,0,0,0,0,0,0,0,0,0,0,0,0,0,0,0,0,0,0,0,18846,0,0,0,0,0,0,0,0,0,0,0,0,0,0,0,0,0,0,0,0,0,0,0,0,0,0,0,114488,0,0,0,0,0,0,0,0,0,0,0,109967,0,0,0,0,0,0,0,0,0,0,98336,0,0,0,0,0,0,0,0,0,0,0,0
0,0,0,189544.220336203,86442,0,0,0,213426.874361608,444368,0,0,0,0,0,85000,0,0,203640,229104,0,0,518002,12520,0,24496,0,0,0,306126,31140,0,88666,9620,10180,46100,0,76207.1742958371,0,127840,70920,0,81780,0,32200,0,0,0,9540,351286,50275.8020795244,0,0,8260,781162,34797.7962842041,51980,0,0,59941.3879171376,0,0,0,79700,0,533054.806262522,33680,130340,14206.6854656442,0,0,0,998826,0,0,84226.148649268,0,0,21980,0,0,0,16480,266120,0,29580,0,0,20080,75060,0,29460,0,0,0,0
0,0,0,0,0,0,42553,0,0,0,0,0,0,0,0,0,0,0,0,83253,0,0,0,0,0,7213,0,0,0,0,0,0,24342,0,0,0,0,0,0,0,0,0,0,0,0,0,0,0,0,0,0,0,0,0,0,0,0,0,0,0,205397,0,0,0,0,0,0,0,0,0,0,0,69803,0,0,0,0,0,0,0,0,0,0,369952,0,0,0,0,0,0,0,0,0,0,0,0
44571,0,0,645522,294530,0,20829,0,350712,1452884,0,101768,24503,0,0,909498,18078,0,415666,4570151,0,118911,2007010,1586222,113118,0,0,0,0,1425640,31614,0,649131,0,63666,29778,0,111564,376474,201886,445792,0,629866,0,308196,0,0,0,0,0,40196,453392,813222,0,1262208,0,788824,0,0,63894,956063,0,0,196020,0,1567552,0,700858,0,109967,998826,69803,0,0,44198,104736,0,0,0,0,76617,114409,47544,3684664,0,171520,209079,0,0,106302,0,96440,0,0,0,0
0,5520,0,0,21460,0,0,0,0,70430,0,0,0,0,0,17040,0,0,61610,0,0,0,461440,55220,0,0,0,0,0,111240,8620,0,0,0,9810,11860,0,0,155600,0,34280,0,10380,0,15680,0,0,0,0,18760,0,0,13860,0,5290,0,83190,0,0,0,0,0,0,15940,0,9440,4710,53270,0,0,0,0,0,0,0,0,0,0,15840,0,0,0,18700,43320,0,5690,0,0,35160,11560,0,7230,0,0,0,0
0,0,0,0,0,0,14364,0,0,0,0,0,0,0,0,0,0,0,0,264747,0,0,0,0,0,0,0,0,0,0,0,0,7557,0,0,0,0,0,0,0,0,0,0,0,0,0,0,0,0,0,0,0,0,0,0,0,0,0,0,0,33561,0,0,0,0,0,0,0,0,0,0,0,44198,0,0,0,0,0,0,0,0,0,0,223374,0,0,0,0,0,0,0,0,0,0,0,0
0,0,0,52676.9158779478,116416,0,0,0,57900.0388108057,10886,0,0,0,0,0,7780,0,0,8380,0,0,0,50452,0,0,15294,0,0,0,14546,0,0,77272,0,0,0,0,20530.1709924276,0,8148,0,0,23960,0,0,0,0,0,0,178454,12326.3958648276,0,0,0,45450,8744.95032554408,0,0,0,14749.3263576451,0,0,17956,0,0,130795.987005677,0,0,3501.82457189548,0,84226.148649268,0,104736,0,0,0,0,0,0,0,0,0,8554,22842,0,0,0,0,0,0,0,0,0,0,0,0
0,0,0,72638,147024,0,810750,119900,30676,118852,0,0,33208,0,0,0,0,0,0,1075928,0,0,0,0,0,0,0,0,0,0,0,0,227726,0,0,0,0,0,0,0,0,0,57240,0,0,0,0,0,0,0,0,0,0,0,0,0,0,0,0,0,248936,0,0,0,0,15436,0,0,0,0,0,0,0,0,0,0,0,43446,0,0,0,0,0,47380,0,0,0,0,0,0,0,0,0,0,0,0
0,0,0,0,61440,0,194872,55701,0,44874,0,0,56589,0,0,0,0,0,0,817240,0,0,0,0,0,0,0,0,0,0,0,0,315631,0,0,0,0,0,0,0,0,0,0,0,0,0,0,0,0,0,0,0,0,0,0,0,0,0,0,0,220963,0,0,0,0,0,0,0,0,0,0,0,0,0,0,0,43446,0,0,0,0,0,0,0,0,0,0,0,0,0,0,0,0,0,0,0
0,13000,0,0,43640,10150,0,0,0,162590,0,0,0,0,0,57160,29550,0,136630,0,0,0,318750,336210,0,0,0,0,0,163180,42950,8120,0,4070,52130,30200,10660,0,98810,111110,92370,0,31960,7590,56070,0,0,0,10310,38460,0,9310,115160,6510,337080,0,201710,0,0,0,0,0,0,125980,16200,83538,17600,205290,0,0,21980,0,0,15840,0,0,0,0,0,0,0,0,58190,245180,0,18340,0,4920,71610,45600,29350,22780,0,0,0,0
0,0,0,0,113750,0,0,0,0,47520,0,0,0,0,0,68990,0,0,8310,0,0,0,74620,18570,0,0,0,0,0,43840,5100,0,0,0,4080,0,0,0,0,5300,7670,0,66380,0,7040,0,0,0,0,96290,0,0,5370,0,11280,0,9210,0,0,0,0,0,0,6660,0,0,8190,8680,0,0,0,0,0,0,0,0,0,0,0,0,0,0,7330,44160,0,9410,0,0,6520,12210,0,4790,0,0,0,0
0,0,0,0,0,0,0,0,0,0,0,0,0,0,0,0,0,0,0,804267,0,0,0,0,0,0,0,0,0,0,0,0,93284,0,0,0,0,0,0,0,0,0,0,0,0,0,0,0,0,0,0,0,0,0,0,0,0,0,0,0,129400,0,0,0,0,0,0,0,0,0,0,0,76617,0,0,0,0,0,0,0,0,30143,0,42586,0,0,35419,0,0,0,0,0,0,47963,0,0
0,0,0,0,0,0,0,0,0,0,13532,0,0,0,0,0,0,0,0,950733,0,0,0,0,0,0,0,0,0,0,0,0,87365,0,0,0,0,0,0,0,0,0,0,0,0,0,0,0,0,0,0,0,0,0,0,0,0,0,0,0,152292,0,0,0,0,0,0,0,0,0,0,0,114409,0,0,0,0,0,0,0,30143,0,0,53740,0,0,85159,0,0,0,0,0,0,0,0,0
0,6590,11540,43704,148580,13440,0,0,51170,626220,0,0,0,0,0,289670,32540,0,168720,0,0,0,1219950,452080,0,0,0,0,10860,457080,25710,17880,0,9940,25120,97410,13850,12340,160680,184430,182460,0,105370,6810,147410,13190,0,0,21990,200610,0,12260,119960,20540,342560,0,363540,7540,0,10056,0,0,0,137640,33890,141296,50800,240870,0,0,16480,0,47544,18700,0,8554,0,0,58190,7330,0,0,0,795130,0,60880,0,5030,91860,111320,0,40960,5090,0,0,0
164476,290040,80060,57716,1215830,277200,0,0,351276,5006640,20912,0,144194,73840,10942,1757430,108990,0,667960,3659868,0,0,3139880,1483470,549980,76058,0,0,74120,1764390,283570,126760,1927568,120250,333020,926430,33130,33158,612600,687770,587100,105758,475900,122040,961310,56580,0,0,172850,1509900,0,24490,643840,336850,1552280,19348,901310,55970,0,11688,1254996,0,55678,506800,609880,793848,392320,826890,0,98336,266120,369952,3684664,43320,223374,22842,47380,0,245180,44160,42586,53740,795130,0,0,404340,81278,15490,530140,732270,18610,242080,31410,141448,0,23094
0,0,0,0,0,0,0,0,0,0,0,0,0,0,0,0,0,0,0,0,0,0,0,0,0,0,0,0,0,0,0,0,0,0,0,0,0,0,0,0,0,0,0,0,0,0,0,0,0,0,0,0,0,0,0,0,0,0,0,0,0,0,0,0,0,0,0,0,0,0,0,0,0,0,0,0,0,0,0,0,0,0,0,0,0,0,0,0,0,0,0,0,0,0,0,0
0,16660,31950,54280,401160,9700,0,0,76940,1280370,0,0,0,0,0,348330,13390,0,70790,151324,0,0,260170,178790,0,0,0,0,137150,232120,32130,14990,108808,5390,54210,34820,4430,0,87650,98720,94190,0,105450,4600,100410,131980,0,0,26230,269090,0,6100,46140,34590,214650,0,100970,9220,0,0,0,0,0,45600,35230,85940,193000,79320,0,0,29580,0,171520,5690,0,0,0,0,18340,9410,0,0,60880,404340,0,0,0,0,49600,274430,0,29570,35550,0,0,0
0,0,0,0,0,0,22443,0,0,0,21709,0,0,0,0,0,0,0,0,809645,0,7759,0,0,0,0,0,0,0,0,0,0,124617,0,0,0,0,0,0,0,0,0,0,0,0,0,0,0,0,0,0,0,0,0,0,0,0,0,0,0,198660,0,0,0,0,0,0,0,0,0,0,0,209079,0,0,0,0,0,0,0,35419,85159,0,81278,0,0,0,0,0,0,0,0,0,20885,0,0
0,0,0,0,7090,0,0,0,0,31300,0,0,0,0,0,13750,0,0,31600,0,0,0,71490,17310,0,0,0,0,0,35800,0,0,0,0,0,0,0,0,0,0,14750,0,5680,0,4230,0,0,0,0,6470,0,0,30490,0,72210,0,26350,0,0,0,0,0,0,4110,0,0,4250,26390,0,0,0,0,0,0,0,0,0,0,4920,0,0,0,5030,15490,0,0,0,0,17870,7120,0,0,0,0,0,0
0,35050,10970,0,111100,17560,0,0,12140,1151110,0,0,0,0,0,314280,61400,0,67350,0,0,0,874510,623970,0,0,0,0,10440,327430,58530,14220,0,8470,45470,73250,24640,0,75000,277500,129020,0,90980,14040,90720,11430,0,0,18960,168620,0,9310,93370,22040,307850,0,423260,5500,0,0,0,0,0,111510,36830,29660,58970,165850,0,0,20080,0,0,35160,0,0,0,0,71610,6520,0,0,91860,530140,0,49600,0,17870,0,159590,7940,36830,7220,0,0,0
0,23030,657990,255880,657040,19100,0,0,167920,3736450,0,0,0,0,0,557550,22840,0,113080,0,0,0,437340,238140,0,0,0,0,205920,517740,51570,24100,189332,13980,50470,78330,8620,10960,113930,231120,166650,0,275470,8780,189050,157450,0,0,45320,795830,0,5920,184230,57200,375590,0,161560,13900,0,8620,0,0,0,96010,52570,203460,509260,169610,0,0,75060,0,106302,11560,0,0,0,0,45600,12210,0,0,111320,732270,0,274430,0,7120,159590,0,0,75910,7310,0,0,0
0,0,0,0,0,0,0,0,0,9400,0,0,0,0,0,4050,0,0,6660,0,0,0,155150,27040,0,0,0,0,0,10080,0,0,0,0,0,0,0,0,0,0,0,0,0,0,0,0,0,0,0,0,0,0,0,0,6150,0,32410,0,0,0,0,0,0,0,0,0,0,5940,0,0,0,0,0,0,0,0,0,0,29350,0,0,0,0,18610,0,0,0,0,7940,0,0,0,0,0,0,0
0,9990,7760,8720,186430,10200,0,0,26360,311090,0,0,0,0,0,230020,15150,0,87630,0,0,0,497700,266610,0,0,0,0,8160,201360,14650,0,15226,4360,30050,28950,7690,0,65430,85220,170140,0,242250,4280,92090,11080,0,0,11910,178730,0,5310,54850,10030,185520,0,89830,5670,0,0,0,0,0,47330,14570,32740,37530,88250,0,0,29460,0,96440,7230,0,0,0,0,22780,4790,0,0,40960,242080,0,29570,0,0,36830,75910,0,0,0,0,0,0
0,0,0,0,9670,0,0,0,0,45310,0,0,0,0,0,52780,0,0,4580,0,0,0,13990,10620,0,0,0,0,0,17290,0,0,0,0,0,0,0,0,0,8450,4750,0,7230,0,4400,0,0,0,0,32360,0,0,8780,0,14310,0,6490,0,0,0,0,0,0,4300,0,0,4760,8320,0,0,0,0,0,0,0,0,0,0,0,0,0,0,5090,31410,0,35550,0,0,7220,7310,0,0,0,0,0,0
0,0,0,0,0,0,0,0,0,0,0,18075,0,0,0,0,0,0,0,1414069,0,0,72140,0,0,0,0,0,0,0,0,0,120697,0,0,0,0,0,0,0,0,0,0,0,0,0,0,0,0,0,0,0,0,0,0,0,0,0,0,0,183561,0,0,0,0,12126,0,0,0,0,0,0,0,0,0,0,0,0,0,0,47963,0,0,141448,0,0,20885,0,0,0,0,0,0,0,0,0
0,0,0,0,0,0,0,0,0,0,0,0,0,0,0,0,0,0,0,0,0,0,0,0,0,0,0,0,0,0,0,0,0,0,0,0,0,0,0,0,0,0,0,0,0,0,0,0,0,0,0,0,0,0,0,0,0,0,0,0,0,0,0,0,0,0,0,0,0,0,0,0,0,0,0,0,0,0,0,0,0,0,0,0,0,0,0,0,0,0,0,0,0,0,0,0
0,0,0,0,0,0,68696,0,0,106912,0,0,0,0,0,0,0,0,0,155394,0,0,0,0,0,0,0,0,0,84566,0,0,0,0,0,0,0,0,0,0,0,0,0,0,0,0,0,0,0,0,0,0,0,0,0,0,0,0,0,0,0,0,0,0,0,0,0,0,0,0,0,0,0,0,0,0,0,0,0,0,0,0,0,23094,0,0,0,0,0,0,0,0,0,0,0,0
