State_Pair,State1,State2,Total_Passengers
Florida-New York,Florida,New York,6150390
California-Texas,California,Texas,5006640
California-Nevada,California,Nevada,4150910
California-Washington,California,Washington,3736450
California-New York,California,New York,3237100
Florida-Texas,Florida,Texas,3139880
California-Illinois,California,Illinois,3083380
Florida-Illinois,Florida,Illinois,3042840
Florida-Georgia,Florida,Georgia,2984170
Arizona-California,Arizona,California,2980650
California-Colorado,California,Colorado,2808550
Florida-Pennsylvania,Florida,Pennsylvania,2778940
California-Florida,California,Florida,2607230
California-Oregon,California,Oregon,2248540
Florida-New Jersey,Florida,New Jersey,2222280
Florida-North Carolina,Florida,North Carolina,1962450
Illinois-New York,Illinois,New York,1875970
Illinois-Texas,Illinois,Texas,1764390
Colorado-Texas,Colorado,Texas,1757430
Florida-Ohio,Florida,Ohio,1622660
Florida-Massachusetts,Florida,Massachusetts,1556640
New York-Texas,New York,Texas,1552280
California-New Jersey,California,New Jersey,1529250
Nevada-Texas,Nevada,Texas,1509900
California-Massachusetts,California,Massachusetts,1487420
Georgia-Texas,Georgia,Texas,1483470
Florida-Michigan,Florida,Michigan,1477360
Florida-Maryland,Florida,Maryland,1384200
California-Georgia,California,Georgia,1322070
California-Utah,California,Utah,1280370
District of Columbia-Florida,District of Columbia,Florida,1235320
Florida-Tennessee,Florida,Tennessee,1219950
Arizona-Texas,Arizona,Texas,1215830
Georgia-New York,Georgia,New York,1204600
California-Virginia,California,Virginia,1151110
Colorado-Florida,Colorado,Florida,1149620
New York-North Carolina,New York,North Carolina,1123720
Florida-Kentucky,Florida,Kentucky,1105880
Florida-Indiana,Florida,Indiana,1055150
Florida-Missouri,Florida,Missouri,1031080
California-Pennsylvania,California,Pennsylvania,990030
Missouri-Texas,Missouri,Texas,961310
California-Missouri,California,Missouri,934820
Louisiana-Texas,Louisiana,Texas,926430
North Carolina-Texas,North Carolina,Texas,901310
Arizona-Illinois,Arizona,Illinois,891860
Illinois-Nevada,Illinois,Nevada,891010
Florida-Virginia,Florida,Virginia,874510
Colorado-Illinois,Colorado,Illinois,869800
California-Minnesota,California,Minnesota,867350
Illinois-Pennsylvania,Illinois,Pennsylvania,865500
Georgia-Illinois,Georgia,Illinois,861540
California-North Carolina,California,North Carolina,852140
Arizona-Colorado,Arizona,Colorado,848090
Pennsylvania-Texas,Pennsylvania,Texas,826890
Nevada-Washington,Nevada,Washington,795830
Tennessee-Texas,Tennessee,Texas,795130
Georgia-North Carolina,Georgia,North Carolina,793480
Massachusetts-New York,Massachusetts,New York,789720
Florida-Nevada,Florida,Nevada,782000
Georgia-Pennsylvania,Georgia,Pennsylvania,743320
Illinois-Massachusetts,Illinois,Massachusetts,739190
Texas-Washington,Texas,Washington,732270
Illinois-Minnesota,Illinois,Minnesota,723570
Nevada-New York,Nevada,New York,689560
Massachusetts-Texas,Massachusetts,Texas,687770
California-Michigan,California,Michigan,681630
California-Maryland,California,Maryland,676840
Colorado-Nevada,Colorado,Nevada,675940
District of Columbia-Texas,District of Columbia,Texas,667960
Illinois-Ohio,Illinois,Ohio,660470
Alaska-Washington,Alaska,Washington,657990
Arizona-Washington,Arizona,Washington,657040
Florida-Minnesota,Florida,Minnesota,655670
New Jersey-Texas,New Jersey,Texas,643840
Illinois-North Carolina,Illinois,North Carolina,636500
Illinois-Missouri,Illinois,Missouri,630770
Colorado-New York,Colorado,New York,630180
California-Tennessee,California,Tennessee,626220
Georgia-Virginia,Georgia,Virginia,623970
Connecticut-Florida,Connecticut,Florida,620520
North Carolina-Pennsylvania,North Carolina,Pennsylvania,613030
Maryland-Texas,Maryland,Texas,612600
Oklahoma-Texas,Oklahoma,Texas,609880
California-Ohio,California,Ohio,608710
Illinois-Michigan,Illinois,Michigan,608170
Michigan-Texas,Michigan,Texas,587100
California-District of Columbia,California,District of Columbia,584230
Georgia-Ohio,Georgia,Ohio,580650
Colorado-Washington,Colorado,Washington,557550
District of Columbia-Illinois,District of Columbia,Illinois,550670
Illinois-New Jersey,Illinois,New Jersey,546230
Texas-Virginia,Texas,Virginia,530140
Michigan-New York,Michigan,New York,529320
Illinois-Washington,Illinois,Washington,517740
Oregon-Washington,Oregon,Washington,509260
Ohio-Texas,Ohio,Texas,506800
Arizona-Florida,Arizona,Florida,501960
Florida-Louisiana,Florida,Louisiana,501650
Florida-Wisconsin,Florida,Wisconsin,497700
California-Louisiana,California,Louisiana,493210
District of Columbia-New York,District of Columbia,New York,493020
Colorado-Missouri,Colorado,Missouri,492750
District of Columbia-Massachusetts,District of Columbia,Massachusetts,488430
Arizona-Nevada,Arizona,Nevada,485350
Minnesota-Texas,Minnesota,Texas,475900
Massachusetts-Pennsylvania,Massachusetts,Pennsylvania,466570
Georgia-Michigan,Georgia,Michigan,463300
Florida-Rhode Island,Florida,Rhode Island,461440
Georgia-Missouri,Georgia,Missouri,460570
Colorado-Georgia,Colorado,Georgia,459070
Illinois-Tennessee,Illinois,Tennessee,457080
Georgia-Tennessee,Georgia,Tennessee,452080
Massachusetts-North Carolina,Massachusetts,North Carolina,447880
New Jersey-North Carolina,New Jersey,North Carolina,443560
Florida-Washington,Florida,Washington,437340
Colorado-Minnesota,Colorado,Minnesota,432020
Colorado-Pennsylvania,Colorado,Pennsylvania,430120
North Carolina-Virginia,North Carolina,Virginia,423260
Arizona-Minnesota,Arizona,Minnesota,412870
Texas-Utah,Texas,Utah,404340
Georgia-Maryland,Georgia,Maryland,402940
Arizona-Utah,Arizona,Utah,401160
Arizona-New York,Arizona,New York,400730
Illinois-Maryland,Illinois,Maryland,393250
Oregon-Texas,Oregon,Texas,392320
Georgia-Massachusetts,Georgia,Massachusetts,387100
District of Columbia-Georgia,District of Columbia,Georgia,384550
Nevada-Oregon,Nevada,Oregon,384150
New York-Washington,New York,Washington,375590
Maryland-Massachusetts,Maryland,Massachusetts,375210
Georgia-Louisiana,Georgia,Louisiana,373800
Georgia-Nevada,Georgia,Nevada,371010
Arizona-Oregon,Arizona,Oregon,367640
Maryland-New York,Maryland,New York,364110
North Carolina-Tennessee,North Carolina,Tennessee,363540
Colorado-North Carolina,Colorado,North Carolina,362310
California-Idaho,California,Idaho,355040
Missouri-Nevada,Missouri,Nevada,350250
Colorado-Utah,Colorado,Utah,348330
Georgia-Kentucky,Georgia,Kentucky,347260
Minnesota-New York,Minnesota,New York,346200
New York-Tennessee,New York,Tennessee,342560
Arizona-Missouri,Arizona,Missouri,340350
Nevada-Pennsylvania,Nevada,Pennsylvania,338780
New York-South Carolina,New York,South Carolina,337080
New Mexico-Texas,New Mexico,Texas,336850
Georgia-South Carolina,Georgia,South Carolina,336210
Colorado-Oregon,Colorado,Oregon,335790
Missouri-New York,Missouri,New York,334630
California-Indiana,California,Indiana,334170
Kentucky-Texas,Kentucky,Texas,333020
California-New Mexico,California,New Mexico,332220
New York-Pennsylvania,New York,Pennsylvania,331320
Maryland-North Carolina,Maryland,North Carolina,330070
Illinois-Virginia,Illinois,Virginia,327430
Georgia-New Jersey,Georgia,New Jersey,325840
Arizona-Michigan,Arizona,Michigan,325020
Colorado-Michigan,Colorado,Michigan,324020
Florida-South Carolina,Florida,South Carolina,318750
Colorado-Virginia,Colorado,Virginia,314280
Colorado-Massachusetts,Colorado,Massachusetts,312700
California-Wisconsin,California,Wisconsin,311090
Arizona-Georgia,Arizona,Georgia,308650
New York-Virginia,New York,Virginia,307850
Illinois-Oregon,Illinois,Oregon,303000
North Carolina-Ohio,North Carolina,Ohio,295610
California-Kentucky,California,Kentucky,294670
Michigan-Nevada,Michigan,Nevada,294660
Georgia-Minnesota,Georgia,Minnesota,294150
New York-Ohio,New York,Ohio,290740
Alabama-Texas,Alabama,Texas,290040
Colorado-Tennessee,Colorado,Tennessee,289670
Nevada-Ohio,Nevada,Ohio,288770
Alabama-Georgia,Alabama,Georgia,286840
Georgia-Indiana,Georgia,Indiana,286260
Colorado-Ohio,Colorado,Ohio,284220
Arizona-Pennsylvania,Arizona,Pennsylvania,284190
Indiana-Texas,Indiana,Texas,283570
Louisiana-New York,Louisiana,New York,280990
Florida-Iowa,Florida,Iowa,280020
Massachusetts-Virginia,Massachusetts,Virginia,277500
Arkansas-Texas,Arkansas,Texas,277200
Minnesota-Washington,Minnesota,Washington,275470
Utah-Washington,Utah,Washington,274430
Michigan-Pennsylvania,Michigan,Pennsylvania,271080
Arizona-North Carolina,Arizona,North Carolina,269380
Michigan-Minnesota,Michigan,Minnesota,269160
Nevada-Utah,Nevada,Utah,269090
Georgia-Wisconsin,Georgia,Wisconsin,266610
Massachusetts-New Jersey,Massachusetts,New Jersey,265450
Michigan-North Carolina,Michigan,North Carolina,261880
Florida-Utah,Florida,Utah,260170
Colorado-New Jersey,Colorado,New Jersey,258860
Illinois-Louisiana,Illinois,Louisiana,252320
Illinois-Kentucky,Illinois,Kentucky,251930
South Carolina-Texas,South Carolina,Texas,245180
Arizona-New Jersey,Arizona,New Jersey,244860
Florida-New Hampshire,Florida,New Hampshire,244250
Nevada-New Jersey,Nevada,New Jersey,242530
Minnesota-Wisconsin,Minnesota,Wisconsin,242250
Texas-Wisconsin,Texas,Wisconsin,242080
Missouri-North Carolina,Missouri,North Carolina,242060
New Jersey-New York,New Jersey,New York,241440
Pennsylvania-Tennessee,Pennsylvania,Tennessee,240870
Georgia-Washington,Georgia,Washington,238140
Maryland-Nevada,Maryland,Nevada,237910
Illinois-Utah,Illinois,Utah,232120
District of Columbia-North Carolina,District of Columbia,North Carolina,231770
Massachusetts-Washington,Massachusetts,Washington,231120
Colorado-Wisconsin,Colorado,Wisconsin,230020
California-Oklahoma,California,Oklahoma,229730
Minnesota-Nevada,Minnesota,Nevada,228070
Colorado-District of Columbia,Colorado,District of Columbia,226860
District of Columbia-Missouri,District of Columbia,Missouri,221250
Missouri-Pennsylvania,Missouri,Pennsylvania,220820
Massachusetts-Michigan,Massachusetts,Michigan,219900
Massachusetts-Nevada,Massachusetts,Nevada,216940
Alaska-California,Alaska,California,216900
Massachusetts-Ohio,Massachusetts,Ohio,216240
New York-Utah,New York,Utah,214650
California-Montana,California,Montana,213250
Maryland-Michigan,Maryland,Michigan,212570
Arizona-Ohio,Arizona,Ohio,209070
Illinois-Indiana,Illinois,Indiana,207710
Minnesota-Missouri,Minnesota,Missouri,207080
Idaho-Washington,Idaho,Washington,205920
Florida-Oklahoma,Florida,Oklahoma,205650
Pennsylvania-South Carolina,Pennsylvania,South Carolina,205290
Arizona-Massachusetts,Arizona,Massachusetts,204280
North Carolina-South Carolina,North Carolina,South Carolina,201710
Illinois-Wisconsin,Illinois,Wisconsin,201360
Nevada-Tennessee,Nevada,Tennessee,200610
Illinois-Nebraska,Illinois,Nebraska,200300
Colorado-Oklahoma,Colorado,Oklahoma,197100
Nevada-North Carolina,Nevada,North Carolina,196660
Kentucky-Nevada,Kentucky,Nevada,195240
Florida-Maine,Florida,Maine,194380
Oregon-Utah,Oregon,Utah,193000
Florida-Oregon,Florida,Oregon,192490
Minnesota-Pennsylvania,Minnesota,Pennsylvania,192080
Colorado-Indiana,Colorado,Indiana,191600
Colorado-Maryland,Colorado,Maryland,191450
California-Nebraska,California,Nebraska,190760
Michigan-Missouri,Michigan,Missouri,189660
Missouri-Washington,Missouri,Washington,189050
Arizona-Wisconsin,Arizona,Wisconsin,186430
Michigan-New Jersey,Michigan,New Jersey,186360
New York-Wisconsin,New York,Wisconsin,185520
Arizona-North Dakota,Arizona,North Dakota,185520
Massachusetts-Tennessee,Massachusetts,Tennessee,184430
New Jersey-Washington,New Jersey,Washington,184230
Montana-Nevada,Montana,Nevada,182630
Michigan-Tennessee,Michigan,Tennessee,182460
Indiana-New York,Indiana,New York,179730
Massachusetts-Minnesota,Massachusetts,Minnesota,179490
Georgia-Utah,Georgia,Utah,178790
Nevada-Wisconsin,Nevada,Wisconsin,178730
Colorado-Louisiana,Colorado,Louisiana,175350
Illinois-Iowa,Illinois,Iowa,173980
Indiana-Nevada,Indiana,Nevada,173830
Nebraska-Texas,Nebraska,Texas,172850
Minnesota-North Carolina,Minnesota,North Carolina,172670
Florida-Nebraska,Florida,Nebraska,171700
Colorado-Nebraska,Colorado,Nebraska,171460
Kentucky-North Carolina,Kentucky,North Carolina,171000
Michigan-Wisconsin,Michigan,Wisconsin,170140
Pennsylvania-Washington,Pennsylvania,Washington,169610
Connecticut-Illinois,Connecticut,Illinois,169200
California-Connecticut,California,Connecticut,169060
District of Columbia-Tennessee,District of Columbia,Tennessee,168720
Nevada-Virginia,Nevada,Virginia,168620
Arizona-Maryland,Arizona,Maryland,168490
Alabama-Florida,Alabama,Florida,168300
New York-Oregon,New York,Oregon,168180
Arizona-New Mexico,Arizona,New Mexico,168080
Michigan-Washington,Michigan,Washington,166650
Nevada-North Dakota,Nevada,North Dakota,166110
Pennsylvania-Virginia,Pennsylvania,Virginia,165850
Arizona-Indiana,Arizona,Indiana,165000
Ohio-Pennsylvania,Ohio,Pennsylvania,163580
Illinois-South Carolina,Illinois,South Carolina,163180
California-South Carolina,California,South Carolina,162590
Kentucky-New York,Kentucky,New York,162520
North Carolina-Washington,North Carolina,Washington,161560
Maryland-Tennessee,Maryland,Tennessee,160680
District of Columbia-Ohio,District of Columbia,Ohio,160440
District of Columbia-Minnesota,District of Columbia,Minnesota,159720
Virginia-Washington,Virginia,Washington,159590
Arizona-Montana,Arizona,Montana,159030
Montana-Washington,Montana,Washington,157450
Maryland-Rhode Island,Maryland,Rhode Island,155600
Florida-West Virginia,Florida,West Virginia,155150
Minnesota-North Dakota,Minnesota,North Dakota,154770
Maryland-Missouri,Maryland,Missouri,150300
Arizona-Tennessee,Arizona,Tennessee,148580
Colorado-Kentucky,Colorado,Kentucky,148450
Missouri-Tennessee,Missouri,Tennessee,147410
Indiana-North Carolina,Indiana,North Carolina,146800
Louisiana-Nevada,Louisiana,Nevada,145980
Louisiana-Pennsylvania,Louisiana,Pennsylvania,145210
Maryland-Ohio,Maryland,Ohio,143250
Nevada-Oklahoma,Nevada,Oklahoma,142710
Massachusetts-Missouri,Massachusetts,Missouri,141840
Connecticut-North Carolina,Connecticut,North Carolina,141490
Colorado-Montana,Colorado,Montana,140410
Arizona-Iowa,Arizona,Iowa,140130
Maryland-New Hampshire,Maryland,New Hampshire,139310
New Jersey-Ohio,New Jersey,Ohio,139080
District of Columbia-Michigan,District of Columbia,Michigan,138720
Ohio-Tennessee,Ohio,Tennessee,137640
Missouri-New Jersey,Missouri,New Jersey,137480
Georgia-Oklahoma,Georgia,Oklahoma,137330
Idaho-Utah,Idaho,Utah,137150
District of Columbia-South Carolina,District of Columbia,South Carolina,136630
Arizona-District of Columbia,Arizona,District of Columbia,135230
Arizona-Nebraska,Arizona,Nebraska,134420
Louisiana-North Carolina,Louisiana,North Carolina,134230
Minnesota-Oregon,Minnesota,Oregon,133800
Iowa-Nevada,Iowa,Nevada,132910
Arkansas-Georgia,Arkansas,Georgia,132230
Montana-Utah,Montana,Utah,131980
Connecticut-Georgia,Connecticut,Georgia,131880
Missouri-Ohio,Missouri,Ohio,130000
Michigan-Virginia,Michigan,Virginia,129020
Arkansas-Florida,Arkansas,Florida,128940
District of Columbia-Louisiana,District of Columbia,Louisiana,128890
Connecticut-Maryland,Connecticut,Maryland,127240
Iowa-Texas,Iowa,Texas,126760
Ohio-South Carolina,Ohio,South Carolina,125980
Georgia-Mississippi,Georgia,Mississippi,125760
California-Iowa,California,Iowa,125320
Maryland-Minnesota,Maryland,Minnesota,124410
Alaska-Oregon,Alaska,Oregon,123790
Mississippi-Texas,Mississippi,Texas,122040
Illinois-Oklahoma,Illinois,Oklahoma,121800
Arizona-Kentucky,Arizona,Kentucky,121710
Kansas-Texas,Kansas,Texas,120250
New Jersey-Tennessee,New Jersey,Tennessee,119960
Alabama-California,Alabama,California,119310
Minnesota-Ohio,Minnesota,Ohio,118270
Colorado-Iowa,Colorado,Iowa,118160
Idaho-Nevada,Idaho,Nevada,117560
Alabama-North Carolina,Alabama,North Carolina,115400
New Jersey-South Carolina,New Jersey,South Carolina,115160
Arkansas-California,Arkansas,California,115030
Connecticut-District of Columbia,Connecticut,District of Columbia,114680
Kentucky-Pennsylvania,Kentucky,Pennsylvania,113960
Maryland-Washington,Maryland,Washington,113930
Arizona-South Dakota,Arizona,South Dakota,113750
District of Columbia-Washington,District of Columbia,Washington,113080
Colorado-Idaho,Colorado,Idaho,112980
Ohio-Virginia,Ohio,Virginia,111510
Tennessee-Washington,Tennessee,Washington,111320
Illinois-Rhode Island,Illinois,Rhode Island,111240
Massachusetts-South Carolina,Massachusetts,South Carolina,111110
Arizona-Virginia,Arizona,Virginia,111100
Maine-New York,Maine,New York,110540
Arizona-Idaho,Arizona,Idaho,110030
Georgia-Oregon,Georgia,Oregon,109970
Connecticut-Texas,Connecticut,Texas,108990
Missouri-Oregon,Missouri,Oregon,108550
Colorado-New Mexico,Colorado,New Mexico,108140
District of Columbia-Indiana,District of Columbia,Indiana,105830
Minnesota-Utah,Minnesota,Utah,105450
Minnesota-Tennessee,Minnesota,Tennessee,105370
Nebraska-Nevada,Nebraska,Nevada,104420
District of Columbia-Nevada,District of Columbia,Nevada,103930
Massachusetts-Oregon,Massachusetts,Oregon,103430
Kentucky-Maryland,Kentucky,Maryland,102980
Arizona-Oklahoma,Arizona,Oklahoma,101730
North Carolina-Utah,North Carolina,Utah,100970
Florida-North Dakota,Florida,North Dakota,100510
Missouri-Utah,Missouri,Utah,100410
Minnesota-New Jersey,Minnesota,New Jersey,99590
Nevada-New Mexico,Nevada,New Mexico,99380
Maryland-South Carolina,Maryland,South Carolina,98810
Massachusetts-Utah,Massachusetts,Utah,98720
Louisiana-Massachusetts,Louisiana,Massachusetts,97490
Louisiana-Tennessee,Louisiana,Tennessee,97410
Louisiana-New Jersey,Louisiana,New Jersey,96650
Nevada-South Dakota,Nevada,South Dakota,96290
Ohio-Washington,Ohio,Washington,96010
Minnesota-Montana,Minnesota,Montana,95420
Michigan-Ohio,Michigan,Ohio,94780
Michigan-Utah,Michigan,Utah,94190
New Jersey-Virginia,New Jersey,Virginia,93370
Indiana-Pennsylvania,Indiana,Pennsylvania,92840
Louisiana-Missouri,Louisiana,Missouri,92700
Indiana-Michigan,Indiana,Michigan,92590
Michigan-South Carolina,Michigan,South Carolina,92370
Missouri-Wisconsin,Missouri,Wisconsin,92090
Tennessee-Virginia,Tennessee,Virginia,91860
Indiana-Minnesota,Indiana,Minnesota,91380
Minnesota-Virginia,Minnesota,Virginia,90980
Missouri-Virginia,Missouri,Virginia,90720
Arkansas-Illinois,Arkansas,Illinois,90360
North Carolina-Wisconsin,North Carolina,Wisconsin,89830
Kentucky-Michigan,Kentucky,Michigan,88460
Pennsylvania-Wisconsin,Pennsylvania,Wisconsin,88250
District of Columbia-Kentucky,District of Columbia,Kentucky,87980
Maryland-Utah,Maryland,Utah,87650
District of Columbia-Wisconsin,District of Columbia,Wisconsin,87630
New Jersey-Pennsylvania,New Jersey,Pennsylvania,87420
Alabama-Illinois,Alabama,Illinois,86570
Colorado-North Dakota,Colorado,North Dakota,85790
Louisiana-Maryland,Louisiana,Maryland,85440
Indiana-Massachusetts,Indiana,Massachusetts,85350
Idaho-Oregon,Idaho,Oregon,85280
Massachusetts-Wisconsin,Massachusetts,Wisconsin,85220
Kentucky-New Jersey,Kentucky,New Jersey,85000
Louisiana-Michigan,Louisiana,Michigan,84680
North Carolina-Rhode Island,North Carolina,Rhode Island,83190
Illinois-New Mexico,Illinois,New Mexico,81000
Florida-New Mexico,Florida,New Mexico,80990
Kentucky-Minnesota,Kentucky,Minnesota,80100
Alaska-Texas,Alaska,Texas,80060
Indiana-New Jersey,Indiana,New Jersey,80000
Georgia-Nebraska,Georgia,Nebraska,79620
Pennsylvania-Utah,Pennsylvania,Utah,79320
North Carolina-Oregon,North Carolina,Oregon,78760
Louisiana-Washington,Louisiana,Washington,78330
Illinois-New Hampshire,Illinois,New Hampshire,77210
New Jersey-Oregon,New Jersey,Oregon,76440
Washington-Wisconsin,Washington,Wisconsin,75910
New Mexico-New York,New Mexico,New York,75790
Colorado-Connecticut,Colorado,Connecticut,75020
Maryland-Virginia,Maryland,Virginia,75000
Oregon-Pennsylvania,Oregon,Pennsylvania,74830
Florida-South Dakota,Florida,South Dakota,74620
Maryland-Pennsylvania,Maryland,Pennsylvania,74360
Missouri-Oklahoma,Missouri,Oklahoma,74180
Idaho-Texas,Idaho,Texas,74120
Louisiana-Virginia,Louisiana,Virginia,73250
New York-Vermont,New York,Vermont,72210
South Carolina-Virginia,South Carolina,Virginia,71610
Florida-Vermont,Florida,Vermont,71490
Arizona-Louisiana,Arizona,Louisiana,70870
District of Columbia-Utah,District of Columbia,Utah,70790
California-Rhode Island,California,Rhode Island,70430
District of Columbia-Oregon,District of Columbia,Oregon,69950
Colorado-South Dakota,Colorado,South Dakota,68990
Connecticut-Michigan,Connecticut,Michigan,68920
District of Columbia-Virginia,District of Columbia,Virginia,67350
Connecticut-Pennsylvania,Connecticut,Pennsylvania,67200
Alaska-Arizona,Alaska,Arizona,67120
Kentucky-Massachusetts,Kentucky,Massachusetts,66420
Minnesota-South Dakota,Minnesota,South Dakota,66380
Maryland-Wisconsin,Maryland,Wisconsin,65430
North Carolina-Oklahoma,North Carolina,Oklahoma,65180
Illinois-Kansas,Illinois,Kansas,65160
Michigan-Oregon,Michigan,Oregon,63860
Arkansas-Nevada,Arkansas,Nevada,63400
Kansas-Nevada,Kansas,Nevada,62870
District of Columbia-Pennsylvania,District of Columbia,Pennsylvania,62720
Maine-Pennsylvania,Maine,Pennsylvania,62530
Georgia-Iowa,Georgia,Iowa,62430
Arkansas-North Carolina,Arkansas,North Carolina,62270
Arizona-Kansas,Arizona,Kansas,61820
Alaska-Colorado,Alaska,Colorado,61740
District of Columbia-Rhode Island,District of Columbia,Rhode Island,61610
California-Kansas,California,Kansas,61510
Alabama-New York,Alabama,New York,61450
Connecticut-Virginia,Connecticut,Virginia,61400
Tennessee-Utah,Tennessee,Utah,60880
Minnesota-Nebraska,Minnesota,Nebraska,60720
Montana-Oregon,Montana,Oregon,60610
New York-Oklahoma,New York,Oklahoma,60570
Indiana-Maryland,Indiana,Maryland,59680
Alabama-District of Columbia,Alabama,District of Columbia,59240
Oregon-Virginia,Oregon,Virginia,58970
District of Columbia-Maine,District of Columbia,Maine,58700
Louisiana-Ohio,Louisiana,Ohio,58660
Alaska-Nevada,Alaska,Nevada,58580
Indiana-Virginia,Indiana,Virginia,58530
Missouri-Nebraska,Missouri,Nebraska,58290
South Carolina-Tennessee,South Carolina,Tennessee,58190
Alaska-Minnesota,Alaska,Minnesota,57930
New Mexico-Washington,New Mexico,Washington,57200
Colorado-South Carolina,Colorado,South Carolina,57160
Montana-Texas,Montana,Texas,56580
Missouri-South Carolina,Missouri,South Carolina,56070
North Dakota-Texas,North Dakota,Texas,55970
Alaska-Illinois,Alaska,Illinois,55450
Georgia-Rhode Island,Georgia,Rhode Island,55220
Maine-Maryland,Maine,Maryland,55040
New Jersey-Wisconsin,New Jersey,Wisconsin,54850
Kentucky-Utah,Kentucky,Utah,54210
Georgia-New Mexico,Georgia,New Mexico,53670
Pennsylvania-Rhode Island,Pennsylvania,Rhode Island,53270
Colorado-Wyoming,Colorado,Wyoming,52780
District of Columbia-New Jersey,District of Columbia,New Jersey,52650
Kentucky-Louisiana,Kentucky,Louisiana,52640
Oklahoma-Washington,Oklahoma,Washington,52570
Ohio-Oregon,Ohio,Oregon,52500
Kentucky-South Carolina,Kentucky,South Carolina,52130
Arkansas-New York,Arkansas,New York,51890
Indiana-Washington,Indiana,Washington,51570
Indiana-Missouri,Indiana,Missouri,51400
District of Columbia-Nebraska,District of Columbia,Nebraska,51130
Florida-Kansas,Florida,Kansas,50990
Oregon-Tennessee,Oregon,Tennessee,50800
Kentucky-Washington,Kentucky,Washington,50470
Connecticut-Minnesota,Connecticut,Minnesota,49650
Utah-Virginia,Utah,Virginia,49600
Louisiana-Minnesota,Louisiana,Minnesota,48420
Connecticut-Nevada,Connecticut,Nevada,48190
Maryland-New Mexico,Maryland,New Mexico,47800
California-South Dakota,California,South Dakota,47520
Ohio-Wisconsin,Ohio,Wisconsin,47330
Alaska-Florida,Alaska,Florida,46730
Georgia-Kansas,Georgia,Kansas,46530
New Jersey-Utah,New Jersey,Utah,46140
Iowa-Minnesota,Iowa,Minnesota,45720
Maine-North Carolina,Maine,North Carolina,45650
Alabama-Colorado,Alabama,Colorado,45620
Ohio-Utah,Ohio,Utah,45600
South Carolina-Washington,South Carolina,Washington,45600
Kentucky-Virginia,Kentucky,Virginia,45470
Nebraska-Washington,Nebraska,Washington,45320
California-Wyoming,California,Wyoming,45310
Alabama-Pennsylvania,Alabama,Pennsylvania,44440
South Dakota-Texas,South Dakota,Texas,44160
Kentucky-Missouri,Kentucky,Missouri,43840
Illinois-South Dakota,Illinois,South Dakota,43840
Georgia-Maine,Georgia,Maine,43660
California-North Dakota,California,North Dakota,43660
Arizona-South Carolina,Arizona,South Carolina,43640
Rhode Island-Texas,Rhode Island,Texas,43320
Colorado-Kansas,Colorado,Kansas,43300
Maryland-Oregon,Maryland,Oregon,43220
Iowa-North Carolina,Iowa,North Carolina,43050
Indiana-South Carolina,Indiana,South Carolina,42950
California-Maine,California,Maine,42570
Maine-New Jersey,Maine,New Jersey,42480
New Hampshire-Pennsylvania,New Hampshire,Pennsylvania,42470
Alabama-Nevada,Alabama,Nevada,42020
Maryland-Oklahoma,Maryland,Oklahoma,41700
Arkansas-Colorado,Arkansas,Colorado,41110
Oklahoma-Pennsylvania,Oklahoma,Pennsylvania,40980
Tennessee-Wisconsin,Tennessee,Wisconsin,40960
Iowa-New York,Iowa,New York,40430
Arizona-Connecticut,Arizona,Connecticut,40400
Alabama-Maryland,Alabama,Maryland,40240
Mississippi-North Carolina,Mississippi,North Carolina,40220
Illinois-North Dakota,Illinois,North Dakota,40160
Nebraska-North Carolina,Nebraska,North Carolina,40130
Idaho-Minnesota,Idaho,Minnesota,39720
Iowa-Michigan,Iowa,Michigan,39590
Florida-Montana,Florida,Montana,39140
Nebraska-New York,Nebraska,New York,38480
Nevada-South Carolina,Nevada,South Carolina,38460
Michigan-Oklahoma,Michigan,Oklahoma,38180
Louisiana-Oklahoma,Louisiana,Oklahoma,37750
New Mexico-Oregon,New Mexico,Oregon,37720
Oregon-Wisconsin,Oregon,Wisconsin,37530
Idaho-Illinois,Idaho,Illinois,37510
Alabama-Michigan,Alabama,Michigan,37350
Louisiana-Oregon,Louisiana,Oregon,37090
Virginia-Wisconsin,Virginia,Wisconsin,36830
Oklahoma-Virginia,Oklahoma,Virginia,36830
Connecticut-Ohio,Connecticut,Ohio,36580
Missouri-New Mexico,Missouri,New Mexico,36430
California-Mississippi,California,Mississippi,36150
Illinois-Vermont,Illinois,Vermont,35800
Utah-Wyoming,Utah,Wyoming,35550
Oklahoma-Utah,Oklahoma,Utah,35230
Rhode Island-Virginia,Rhode Island,Virginia,35160
Illinois-Montana,Illinois,Montana,35060
Alabama-Virginia,Alabama,Virginia,35050
Illinois-Maine,Illinois,Maine,35000
Louisiana-Utah,Louisiana,Utah,34820
Arkansas-Missouri,Arkansas,Missouri,34610
Michigan-Nebraska,Michigan,Nebraska,34590
New Mexico-Utah,New Mexico,Utah,34590
Florida-Mississippi,Florida,Mississippi,34570
Arizona-Arkansas,Arizona,Arkansas,34440
New Hampshire-North Carolina,New Hampshire,North Carolina,34320
Michigan-Rhode Island,Michigan,Rhode Island,34280
California-New Hampshire,California,New Hampshire,33930
Oklahoma-Tennessee,Oklahoma,Tennessee,33890
Florida-Idaho,Florida,Idaho,33590
Alabama-Arizona,Alabama,Arizona,33530
District of Columbia-Oklahoma,District of Columbia,Oklahoma,33370
Minnesota-Oklahoma,Minnesota,Oklahoma,33210
Maine-Texas,Maine,Texas,33130
District of Columbia-Iowa,District of Columbia,Iowa,33010
Ohio-Oklahoma,Ohio,Oklahoma,32920
Connecticut-Tennessee,Connecticut,Tennessee,32540
North Carolina-West Virginia,North Carolina,West Virginia,32410
Indiana-Louisiana,Indiana,Louisiana,32360
Nevada-Wyoming,Nevada,Wyoming,32360
Alaska-Georgia,Alaska,Georgia,32290
Indiana-Utah,Indiana,Utah,32130
Minnesota-South Carolina,Minnesota,South Carolina,31960
Alaska-Utah,Alaska,Utah,31950
Maine-Michigan,Maine,Michigan,31860
District of Columbia-Vermont,District of Columbia,Vermont,31600
Texas-Wyoming,Texas,Wyoming,31410
California-Vermont,California,Vermont,31300
District of Columbia-New Mexico,District of Columbia,New Mexico,30860
District of Columbia-New Hampshire,District of Columbia,New Hampshire,30530
New Jersey-Vermont,New Jersey,Vermont,30490
Nebraska-Oregon,Nebraska,Oregon,30260
Louisiana-South Carolina,Louisiana,South Carolina,30200
Indiana-Oregon,Indiana,Oregon,30180
Kentucky-Wisconsin,Kentucky,Wisconsin,30050
Utah-Wisconsin,Utah,Wisconsin,29570
Connecticut-South Carolina,Connecticut,South Carolina,29550
South Carolina-West Virginia,South Carolina,West Virginia,29350
Louisiana-Wisconsin,Louisiana,Wisconsin,28950
Iowa-Missouri,Iowa,Missouri,28750
Connecticut-Missouri,Connecticut,Missouri,28420
Alabama-Missouri,Alabama,Missouri,28280
Alaska-New York,Alaska,New York,28050
Georgia-Montana,Georgia,Montana,27620
New Jersey-Oklahoma,New Jersey,Oklahoma,27360
Georgia-West Virginia,Georgia,West Virginia,27040
Georgia-New Hampshire,Georgia,New Hampshire,26920
Montana-New York,Montana,New York,26540
Kansas-Missouri,Kansas,Missouri,26450
Pennsylvania-Vermont,Pennsylvania,Vermont,26390
North Carolina-Vermont,North Carolina,Vermont,26350
Nebraska-Utah,Nebraska,Utah,26230
Kentucky-Oregon,Kentucky,Oregon,26130
Indiana-Tennessee,Indiana,Tennessee,25710
Iowa-Pennsylvania,Iowa,Pennsylvania,25580
Nebraska-Pennsylvania,Nebraska,Pennsylvania,25520
Oklahoma-Oregon,Oklahoma,Oregon,25440
Kentucky-Tennessee,Kentucky,Tennessee,25120
District of Columbia-Maryland,District of Columbia,Maryland,24970
Alabama-Ohio,Alabama,Ohio,24680
Maine-Virginia,Maine,Virginia,24640
New Hampshire-Texas,New Hampshire,Texas,24490
Nebraska-New Jersey,Nebraska,New Jersey,24290
New Mexico-Pennsylvania,New Mexico,Pennsylvania,24250
Michigan-New Hampshire,Michigan,New Hampshire,24240
Arkansas-Pennsylvania,Arkansas,Pennsylvania,24200
Iowa-Washington,Iowa,Washington,24100
Massachusetts-New Mexico,Massachusetts,New Mexico,23900
New Mexico-North Carolina,New Mexico,North Carolina,23820
Minnesota-New Mexico,Minnesota,New Mexico,23300
Alaska-Massachusetts,Alaska,Massachusetts,23100
Alaska-Missouri,Alaska,Missouri,23090
Arkansas-District of Columbia,Arkansas,District of Columbia,23040
Alabama-Washington,Alabama,Washington,23030
Connecticut-Washington,Connecticut,Washington,22840
South Carolina-Wisconsin,South Carolina,Wisconsin,22780
Alaska-Michigan,Alaska,Michigan,22730
Massachusetts-Oklahoma,Massachusetts,Oklahoma,22390
New Mexico-Virginia,New Mexico,Virginia,22040
Nebraska-Tennessee,Nebraska,Tennessee,21990
Alaska-Montana,Alaska,Montana,21660
District of Columbia-Mississippi,District of Columbia,Mississippi,21570
Arizona-Rhode Island,Arizona,Rhode Island,21460
Arkansas-Michigan,Arkansas,Michigan,21370
Alabama-Massachusetts,Alabama,Massachusetts,21100
Alabama-New Jersey,Alabama,New Jersey,21010
Georgia-Idaho,Georgia,Idaho,20920
Massachusetts-Montana,Massachusetts,Montana,20770
New Mexico-Tennessee,New Mexico,Tennessee,20540
Nebraska-Ohio,Nebraska,Ohio,20360
Connecticut-Kentucky,Connecticut,Kentucky,20330
Illinois-Mississippi,Illinois,Mississippi,20180
Idaho-New York,Idaho,New York,19430
Arkansas-Washington,Arkansas,Washington,19100
Alaska-Pennsylvania,Alaska,Pennsylvania,19030
Nebraska-Virginia,Nebraska,Virginia,18960
Alaska-Idaho,Alaska,Idaho,18890
Missouri-Montana,Missouri,Montana,18880
Nevada-Rhode Island,Nevada,Rhode Island,18760
Rhode Island-Tennessee,Rhode Island,Tennessee,18700
Iowa-New Jersey,Iowa,New Jersey,18690
Texas-West Virginia,Texas,West Virginia,18610
Georgia-South Dakota,Georgia,South Dakota,18570
South Carolina-Utah,South Carolina,Utah,18340
Arkansas-New Jersey,Arkansas,New Jersey,18020
Iowa-Tennessee,Iowa,Tennessee,17880
Vermont-Virginia,Vermont,Virginia,17870
Iowa-Ohio,Iowa,Ohio,17770
Idaho-Missouri,Idaho,Missouri,17700
Oregon-South Carolina,Oregon,South Carolina,17600
Arkansas-Virginia,Arkansas,Virginia,17560
Arkansas-Minnesota,Arkansas,Minnesota,17530
New Mexico-Ohio,New Mexico,Ohio,17480
Georgia-Vermont,Georgia,Vermont,17310
Illinois-Wyoming,Illinois,Wyoming,17290
Montana-Pennsylvania,Montana,Pennsylvania,17110
Colorado-Rhode Island,Colorado,Rhode Island,17040
Connecticut-Indiana,Connecticut,Indiana,16930
New Jersey-New Mexico,New Jersey,New Mexico,16850
Arkansas-Ohio,Arkansas,Ohio,16760
Connecticut-Louisiana,Connecticut,Louisiana,16730
Colorado-Maine,Colorado,Maine,16710
Alabama-Utah,Alabama,Utah,16660
Massachusetts-Nebraska,Massachusetts,Nebraska,16660
Michigan-Montana,Michigan,Montana,16650
Iowa-Oregon,Iowa,Oregon,16620
Iowa-Massachusetts,Iowa,Massachusetts,16610
Indiana-Oklahoma,Indiana,Oklahoma,16600
Mississippi-New York,Mississippi,New York,16390
Alabama-Minnesota,Alabama,Minnesota,16380
Oklahoma-South Carolina,Oklahoma,South Carolina,16200
Montana-North Carolina,Montana,North Carolina,16140
Michigan-New Mexico,Michigan,New Mexico,16090
Ohio-Rhode Island,Ohio,Rhode Island,15940
Kansas-Minnesota,Kansas,Minnesota,15860
Rhode Island-South Carolina,Rhode Island,South Carolina,15840
New Hampshire-New York,New Hampshire,New York,15810
Missouri-Rhode Island,Missouri,Rhode Island,15680
Alaska-North Carolina,Alaska,North Carolina,15610
Kansas-New York,Kansas,New York,15610
Arizona-New Hampshire,Arizona,New Hampshire,15550
Texas-Vermont,Texas,Vermont,15490
Connecticut-Wisconsin,Connecticut,Wisconsin,15150
Colorado-New Hampshire,Colorado,New Hampshire,15050
Connecticut-New Jersey,Connecticut,New Jersey,15010
Iowa-Utah,Iowa,Utah,14990
Michigan-Vermont,Michigan,Vermont,14750
Indiana-Wisconsin,Indiana,Wisconsin,14650
Oklahoma-Wisconsin,Oklahoma,Wisconsin,14570
Louisiana-New Mexico,Louisiana,New Mexico,14370
New York-Wyoming,New York,Wyoming,14310
Iowa-Virginia,Iowa,Virginia,14220
Montana-New Jersey,Montana,New Jersey,14190
Louisiana-Nebraska,Louisiana,Nebraska,14140
Mississippi-Virginia,Mississippi,Virginia,14040
Arkansas-Maryland,Arkansas,Maryland,14000
Florida-Wyoming,Florida,Wyoming,13990
Kansas-Washington,Kansas,Washington,13980
North Dakota-Washington,North Dakota,Washington,13900
Arkansas-Massachusetts,Arkansas,Massachusetts,13890
New Jersey-Rhode Island,New Jersey,Rhode Island,13860
Maine-Tennessee,Maine,Tennessee,13850
Kansas-North Carolina,Kansas,North Carolina,13810
Kentucky-Oklahoma,Kentucky,Oklahoma,13770
Colorado-Vermont,Colorado,Vermont,13750
Nevada-New Hampshire,Nevada,New Hampshire,13670
Maine-Ohio,Maine,Ohio,13460
Arkansas-Tennessee,Arkansas,Tennessee,13440
Idaho-Pennsylvania,Idaho,Pennsylvania,13420
New Hampshire-New Jersey,New Hampshire,New Jersey,13420
Connecticut-Utah,Connecticut,Utah,13390
Georgia-North Dakota,Georgia,North Dakota,13280
Montana-Tennessee,Montana,Tennessee,13190
Missouri-New Hampshire,Missouri,New Hampshire,13090
Alabama-South Carolina,Alabama,South Carolina,13000
Mississippi-Pennsylvania,Mississippi,Pennsylvania,12960
Indiana-Nebraska,Indiana,Nebraska,12950
Alabama-Oklahoma,Alabama,Oklahoma,12930
Maine-Missouri,Maine,Missouri,12910
District of Columbia-Montana,District of Columbia,Montana,12900
Arizona-Maine,Arizona,Maine,12900
Colorado-Mississippi,Colorado,Mississippi,12790
Alaska-District of Columbia,Alaska,District of Columbia,12750
Arkansas-Louisiana,Arkansas,Louisiana,12690
Alaska-New Jersey,Alaska,New Jersey,12550
Kansas-Pennsylvania,Kansas,Pennsylvania,12480
Idaho-North Carolina,Idaho,North Carolina,12460
New Hampshire-Tennessee,New Hampshire,Tennessee,12260
South Dakota-Washington,South Dakota,Washington,12210
New Hampshire-Ohio,New Hampshire,Ohio,12170
Idaho-Massachusetts,Idaho,Massachusetts,12120
Connecticut-Oregon,Connecticut,Oregon,12030
Idaho-Michigan,Idaho,Michigan,11980
Iowa-Maryland,Iowa,Maryland,11960
Nebraska-Wisconsin,Nebraska,Wisconsin,11910
Louisiana-Rhode Island,Louisiana,Rhode Island,11860
New Mexico-Oklahoma,New Mexico,Oklahoma,11840
Maryland-Nebraska,Maryland,Nebraska,11760
Alabama-Indiana,Alabama,Indiana,11570
Rhode Island-Washington,Rhode Island,Washington,11560
Alaska-Tennessee,Alaska,Tennessee,11540
Arkansas-Kentucky,Arkansas,Kentucky,11460
Montana-Virginia,Montana,Virginia,11430
District of Columbia-Idaho,District of Columbia,Idaho,11340
New York-South Dakota,New York,South Dakota,11280
Alabama-Louisiana,Alabama,Louisiana,11190
Alabama-Kentucky,Alabama,Kentucky,11140
Montana-Wisconsin,Montana,Wisconsin,11080
Alaska-Virginia,Alaska,Virginia,10970
Kentucky-Nebraska,Kentucky,Nebraska,10890
Idaho-Tennessee,Idaho,Tennessee,10860
Alabama-Oregon,Alabama,Oregon,10720
Maine-South Carolina,Maine,South Carolina,10660
Georgia-Wyoming,Georgia,Wyoming,10620
Arkansas-Oregon,Arkansas,Oregon,10470
Maryland-New Jersey,Maryland,New Jersey,10460
District of Columbia-Kansas,District of Columbia,Kansas,10450
Idaho-Virginia,Idaho,Virginia,10440
Minnesota-Rhode Island,Minnesota,Rhode Island,10380
Missouri-North Dakota,Missouri,North Dakota,10330
Nebraska-South Carolina,Nebraska,South Carolina,10310
Maryland-Montana,Maryland,Montana,10260
Arkansas-Wisconsin,Arkansas,Wisconsin,10200
Arkansas-South Carolina,Arkansas,South Carolina,10150
Iowa-Louisiana,Iowa,Louisiana,10130
Indiana-Ohio,Indiana,Ohio,10090
Illinois-West Virginia,Illinois,West Virginia,10080
Idaho-Maryland,Idaho,Maryland,10070
New Mexico-Wisconsin,New Mexico,Wisconsin,10030
Alabama-Wisconsin,Alabama,Wisconsin,9990
Kansas-Tennessee,Kansas,Tennessee,9940
New York-North Dakota,New York,North Dakota,9840
Kentucky-Rhode Island,Kentucky,Rhode Island,9810
Arkansas-Indiana,Arkansas,Indiana,9810
Michigan-North Dakota,Michigan,North Dakota,9760
Alaska-Louisiana,Alaska,Louisiana,9730
Idaho-New Jersey,Idaho,New Jersey,9700
Arkansas-Utah,Arkansas,Utah,9700
Arizona-Wyoming,Arizona,Wyoming,9670
Michigan-Mississippi,Michigan,Mississippi,9550
Louisiana-Maine,Louisiana,Maine,9510
Montana-Ohio,Montana,Ohio,9480
Idaho-Montana,Idaho,Montana,9480
South Dakota-Utah,South Dakota,Utah,9410
California-West Virginia,California,West Virginia,9400
Alaska-Maryland,Alaska,Maryland,9330
New Hampshire-South Carolina,New Hampshire,South Carolina,9310
New Hampshire-Virginia,New Hampshire,Virginia,9310
North Dakota-Utah,North Dakota,Utah,9220
North Carolina-South Dakota,North Carolina,South Dakota,9210
Mississippi-Nevada,Mississippi,Nevada,9100
Arizona-Mississippi,Arizona,Mississippi,9100
Maine-Minnesota,Maine,Minnesota,9090
Maine-Nevada,Maine,Nevada,9020
Mississippi-Missouri,Mississippi,Missouri,9010
Indiana-Iowa,Indiana,Iowa,8990
Alabama-Connecticut,Alabama,Connecticut,8960
Connecticut-New York,Connecticut,New York,8910
Alaska-Ohio,Alaska,Ohio,8900
New Jersey-Wyoming,New Jersey,Wyoming,8780
Mississippi-Washington,Mississippi,Washington,8780
Indiana-New Mexico,Indiana,New Mexico,8770
Idaho-Ohio,Idaho,Ohio,8760
Pennsylvania-South Dakota,Pennsylvania,South Dakota,8680
Indiana-Rhode Island,Indiana,Rhode Island,8620
Maine-Washington,Maine,Washington,8620
Kansas-Michigan,Kansas,Michigan,8530
Kansas-Virginia,Kansas,Virginia,8470
Massachusetts-Wyoming,Massachusetts,Wyoming,8450
Connecticut-Oklahoma,Connecticut,Oklahoma,8400
Pennsylvania-Wyoming,Pennsylvania,Wyoming,8320
District of Columbia-South Dakota,District of Columbia,South Dakota,8310
Kansas-Ohio,Kansas,Ohio,8260
Alaska-Oklahoma,Alaska,Oklahoma,8240
Oregon-South Dakota,Oregon,South Dakota,8190
Idaho-Wisconsin,Idaho,Wisconsin,8160
Kentucky-Ohio,Kentucky,Ohio,8150
North Carolina-North Dakota,North Carolina,North Dakota,8120
Iowa-South Carolina,Iowa,South Carolina,8120
North Dakota-Pennsylvania,North Dakota,Pennsylvania,7990
Iowa-Kentucky,Iowa,Kentucky,7960
Virginia-West Virginia,Virginia,West Virginia,7940
Alaska-Wisconsin,Alaska,Wisconsin,7760
Mississippi-Ohio,Mississippi,Ohio,7760
District of Columbia-North Dakota,District of Columbia,North Dakota,7740
Maine-Wisconsin,Maine,Wisconsin,7690
Michigan-South Dakota,Michigan,South Dakota,7670
Mississippi-South Carolina,Mississippi,South Carolina,7590
Kentucky-New Mexico,Kentucky,New Mexico,7590
North Dakota-Tennessee,North Dakota,Tennessee,7540
North Dakota-Oregon,North Dakota,Oregon,7520
Minnesota-Mississippi,Minnesota,Mississippi,7500
Kentucky-Maine,Kentucky,Maine,7490
South Dakota-Tennessee,South Dakota,Tennessee,7330
Washington-Wyoming,Washington,Wyoming,7310
Kentucky-New Hampshire,Kentucky,New Hampshire,7290
Rhode Island-Wisconsin,Rhode Island,Wisconsin,7230
Minnesota-Wyoming,Minnesota,Wyoming,7230
Virginia-Wyoming,Virginia,Wyoming,7220
Kansas-Massachusetts,Kansas,Massachusetts,7140
Vermont-Washington,Vermont,Washington,7120
Arizona-Vermont,Arizona,Vermont,7090
Missouri-South Dakota,Missouri,South Dakota,7040
Idaho-Oklahoma,Idaho,Oklahoma,7030
Louisiana-Montana,Louisiana,Montana,6990
Kentucky-Montana,Kentucky,Montana,6970
Massachusetts-Mississippi,Massachusetts,Mississippi,6950
Mississippi-Tennessee,Mississippi,Tennessee,6810
Connecticut-New Mexico,Connecticut,New Mexico,6730
Alabama-New Mexico,Alabama,New Mexico,6730
Kansas-Oregon,Kansas,Oregon,6690
Kansas-Maryland,Kansas,Maryland,6680
Ohio-South Dakota,Ohio,South Dakota,6660
District of Columbia-West Virginia,District of Columbia,West Virginia,6660
Indiana-Montana,Indiana,Montana,6630
Mississippi-New Jersey,Mississippi,New Jersey,6600
Alabama-Tennessee,Alabama,Tennessee,6590
Kansas-Louisiana,Kansas,Louisiana,6590
South Dakota-Virginia,South Dakota,Virginia,6520
New Mexico-South Carolina,New Mexico,South Carolina,6510
North Carolina-Wyoming,North Carolina,Wyoming,6490
Nevada-Vermont,Nevada,Vermont,6470
Alabama-Arkansas,Alabama,Arkansas,6460
North Dakota-Oklahoma,North Dakota,Oklahoma,6440
Minnesota-New Hampshire,Minnesota,New Hampshire,6440
Indiana-Maine,Indiana,Maine,6430
Alaska-New Mexico,Alaska,New Mexico,6430
Alabama-Nebraska,Alabama,Nebraska,6380
Maryland-Mississippi,Maryland,Mississippi,6210
Idaho-New Mexico,Idaho,New Mexico,6160
New York-West Virginia,New York,West Virginia,6150
New Hampshire-Utah,New Hampshire,Utah,6100
Alaska-Nebraska,Alaska,Nebraska,6100
Montana-Oklahoma,Montana,Oklahoma,6060
Kansas-New Jersey,Kansas,New Jersey,6060
Idaho-Louisiana,Idaho,Louisiana,6030
Pennsylvania-West Virginia,Pennsylvania,West Virginia,5940
Idaho-Indiana,Idaho,Indiana,5930
New Hampshire-Washington,New Hampshire,Washington,5920
Montana-New Mexico,Montana,New Mexico,5920
North Dakota-Ohio,North Dakota,Ohio,5870
Nebraska-Oklahoma,Nebraska,Oklahoma,5780
Idaho-Nebraska,Idaho,Nebraska,5690
Rhode Island-Utah,Rhode Island,Utah,5690
Minnesota-Vermont,Minnesota,Vermont,5680
North Dakota-Wisconsin,North Dakota,Wisconsin,5670
Indiana-Kansas,Indiana,Kansas,5670
Iowa-Oklahoma,Iowa,Oklahoma,5630
Alabama-Rhode Island,Alabama,Rhode Island,5520
North Dakota-Virginia,North Dakota,Virginia,5500
Louisiana-North Dakota,Louisiana,North Dakota,5500
Connecticut-Iowa,Connecticut,Iowa,5460
Connecticut-Nebraska,Connecticut,Nebraska,5420
Kansas-Utah,Kansas,Utah,5390
New Jersey-South Dakota,New Jersey,South Dakota,5370
New Hampshire-Wisconsin,New Hampshire,Wisconsin,5310
Massachusetts-South Dakota,Massachusetts,South Dakota,5300
Louisiana-New Hampshire,Louisiana,New Hampshire,5300
New York-Rhode Island,New York,Rhode Island,5290
Montana-Nebraska,Montana,Nebraska,5230
Idaho-Kentucky,Idaho,Kentucky,5160
Nebraska-New Mexico,Nebraska,New Mexico,5160
Indiana-New Hampshire,Indiana,New Hampshire,5130
Indiana-Mississippi,Indiana,Mississippi,5130
Indiana-South Dakota,Indiana,South Dakota,5100
Kentucky-Mississippi,Kentucky,Mississippi,5100
Tennessee-Wyoming,Tennessee,Wyoming,5090
Tennessee-Vermont,Tennessee,Vermont,5030
Alaska-Indiana,Alaska,Indiana,5000
South Carolina-Vermont,South Carolina,Vermont,4920
Kansas-Kentucky,Kansas,Kentucky,4890
Mississippi-Oklahoma,Mississippi,Oklahoma,4810
South Dakota-Wisconsin,South Dakota,Wisconsin,4790
Oregon-Wyoming,Oregon,Wyoming,4760
Michigan-Wyoming,Michigan,Wyoming,4750
Oregon-Rhode Island,Oregon,Rhode Island,4710
Alaska-Kentucky,Alaska,Kentucky,4700
Mississippi-Utah,Mississippi,Utah,4600
District of Columbia-Wyoming,District of Columbia,Wyoming,4580
Alabama-Iowa,Alabama,Iowa,4540
Massachusetts-North Dakota,Massachusetts,North Dakota,4470
Indiana-North Dakota,Indiana,North Dakota,4460
Maine-Utah,Maine,Utah,4430
Missouri-Wyoming,Missouri,Wyoming,4400
Kansas-Wisconsin,Kansas,Wisconsin,4360
New Jersey-North Dakota,New Jersey,North Dakota,4340
Ohio-Wyoming,Ohio,Wyoming,4300
Mississippi-Wisconsin,Mississippi,Wisconsin,4280
Oregon-Vermont,Oregon,Vermont,4250
Missouri-Vermont,Missouri,Vermont,4230
Ohio-Vermont,Ohio,Vermont,4110
Kentucky-South Dakota,Kentucky,South Dakota,4080
Kansas-South Carolina,Kansas,South Carolina,4070
Arkansas-Nebraska,Arkansas,Nebraska,4050
Colorado-West Virginia,Colorado,West Virginia,4050
Maine-Oregon,Maine,Oregon,4050
Alabama-New Hampshire,Alabama,New Hampshire,4020
Louisiana-South Dakota,Louisiana,South Dakota,3960
Iowa-New Mexico,Iowa,New Mexico,3960
Maryland-South Dakota,Maryland,South Dakota,3950
Arkansas-New Mexico,Arkansas,New Mexico,3940
Louisiana-West Virginia,Louisiana,West Virginia,3920
Iowa-Wisconsin,Iowa,Wisconsin,3910
New Mexico-Rhode Island,New Mexico,Rhode Island,3900
Arkansas-Connecticut,Arkansas,Connecticut,3890
Alabama-Maine,Alabama,Maine,3790
Utah-Vermont,Utah,Vermont,3770
Oklahoma-Rhode Island,Oklahoma,Rhode Island,3750
New Hampshire-Oregon,New Hampshire,Oregon,3720
Alaska-North Dakota,Alaska,North Dakota,3670
Arizona-West Virginia,Arizona,West Virginia,3650
Vermont-Wisconsin,Vermont,Wisconsin,3640
Mississippi-Oregon,Mississippi,Oregon,3630
Oklahoma-Wyoming,Oklahoma,Wyoming,3580
Montana-North Dakota,Montana,North Dakota,3540
Kentucky-Vermont,Kentucky,Vermont,3520
Alabama-Kansas,Alabama,Kansas,3510
Alaska-Arkansas,Alaska,Arkansas,3510
Louisiana-Wyoming,Louisiana,Wyoming,3470
Idaho-North Dakota,Idaho,North Dakota,3460
Louisiana-Vermont,Louisiana,Vermont,3440
Kentucky-North Dakota,Kentucky,North Dakota,3430
Idaho-Iowa,Idaho,Iowa,3410
Maryland-North Dakota,Maryland,North Dakota,3360
Alaska-South Carolina,Alaska,South Carolina,3340
Massachusetts-Rhode Island,Massachusetts,Rhode Island,3320
Arkansas-Iowa,Arkansas,Iowa,3290
Maine-Massachusetts,Maine,Massachusetts,3280
Missouri-West Virginia,Missouri,West Virginia,3260
Maryland-Wyoming,Maryland,Wyoming,3220
New Hampshire-Oklahoma,New Hampshire,Oklahoma,3210
New Hampshire-New Mexico,New Hampshire,New Mexico,3210
Iowa-Montana,Iowa,Montana,3190
Montana-South Dakota,Montana,South Dakota,3170
Oklahoma-South Dakota,Oklahoma,South Dakota,3110
Arkansas-Oklahoma,Arkansas,Oklahoma,3090
Nebraska-Rhode Island,Nebraska,Rhode Island,3030
Nebraska-North Dakota,Nebraska,North Dakota,3010
Montana-South Carolina,Montana,South Carolina,2980
Massachusetts-West Virginia,Massachusetts,West Virginia,2940
Alaska-South Dakota,Alaska,South Dakota,2930
Alabama-Alaska,Alabama,Alaska,2910
South Carolina-South Dakota,South Carolina,South Dakota,2900
Nevada-West Virginia,Nevada,West Virginia,2880
Alabama-Montana,Alabama,Montana,2870
Kentucky-Wyoming,Kentucky,Wyoming,2850
Maine-Oklahoma,Maine,Oklahoma,2820
Connecticut-Montana,Connecticut,Montana,2810
Connecticut-Mississippi,Connecticut,Mississippi,2710
Arkansas-Rhode Island,Arkansas,Rhode Island,2700
Maine-New Mexico,Maine,New Mexico,2640
Iowa-Rhode Island,Iowa,Rhode Island,2590
Massachusetts-New Hampshire,Massachusetts,New Hampshire,2580
Iowa-North Dakota,Iowa,North Dakota,2570
Indiana-Vermont,Indiana,Vermont,2460
Iowa-Maine,Iowa,Maine,2410
Tennessee-West Virginia,Tennessee,West Virginia,2410
Idaho-South Carolina,Idaho,South Carolina,2400
Idaho-South Dakota,Idaho,South Dakota,2380
Maine-Nebraska,Maine,Nebraska,2350
Washington-West Virginia,Washington,West Virginia,2310
New Jersey-West Virginia,New Jersey,West Virginia,2280
Arkansas-Idaho,Arkansas,Idaho,2280
Indiana-Kentucky,Indiana,Kentucky,2270
Alaska-Iowa,Alaska,Iowa,2270
Alabama-South Dakota,Alabama,South Dakota,2270
Nebraska-New Hampshire,Nebraska,New Hampshire,2240
Alabama-Idaho,Alabama,Idaho,2200
Mississippi-Nebraska,Mississippi,Nebraska,2160
Connecticut-Idaho,Connecticut,Idaho,2140
Connecticut-Kansas,Connecticut,Kansas,2140
Kansas-New Mexico,Kansas,New Mexico,2140
Arkansas-Montana,Arkansas,Montana,2120
Mississippi-New Mexico,Mississippi,New Mexico,2070
Wisconsin-Wyoming,Wisconsin,Wyoming,2040
New Mexico-North Dakota,New Mexico,North Dakota,2030
Michigan-West Virginia,Michigan,West Virginia,2000
Arkansas-Mississippi,Arkansas,Mississippi,1960
Alabama-West Virginia,Alabama,West Virginia,1910
North Dakota-South Carolina,North Dakota,South Carolina,1890
Alabama-Wyoming,Alabama,Wyoming,1880
Alaska-Connecticut,Alaska,Connecticut,1880
Minnesota-West Virginia,Minnesota,West Virginia,1850
Idaho-Kansas,Idaho,Kansas,1850
Connecticut-South Dakota,Connecticut,South Dakota,1840
New Mexico-South Dakota,New Mexico,South Dakota,1840
Alabama-North Dakota,Alabama,North Dakota,1820
Arkansas-North Dakota,Arkansas,North Dakota,1770
New Mexico-Vermont,New Mexico,Vermont,1630
Arkansas-Maine,Arkansas,Maine,1620
Connecticut-Wyoming,Connecticut,Wyoming,1610
Connecticut-Massachusetts,Connecticut,Massachusetts,1600
Idaho-Wyoming,Idaho,Wyoming,1590
Arkansas-New Hampshire,Arkansas,New Hampshire,1590
North Dakota-South Dakota,North Dakota,South Dakota,1580
Mississippi-Rhode Island,Mississippi,Rhode Island,1570
Iowa-New Hampshire,Iowa,New Hampshire,1540
Connecticut-North Dakota,Connecticut,North Dakota,1510
Utah-West Virginia,Utah,West Virginia,1510
Kansas-Montana,Kansas,Montana,1510
Alaska-Wyoming,Alaska,Wyoming,1490
Indiana-Wyoming,Indiana,Wyoming,1470
South Carolina-Wyoming,South Carolina,Wyoming,1460
Oklahoma-West Virginia,Oklahoma,West Virginia,1420
Montana-Wyoming,Montana,Wyoming,1390
Alabama-Vermont,Alabama,Vermont,1370
New Mexico-Wyoming,New Mexico,Wyoming,1370
Maine-Mississippi,Maine,Mississippi,1350
Alaska-Kansas,Alaska,Kansas,1350
Iowa-Kansas,Iowa,Kansas,1330
Maine-Montana,Maine,Montana,1330
West Virginia-Wisconsin,West Virginia,Wisconsin,1310
Arkansas-Kansas,Arkansas,Kansas,1300
Arkansas-South Dakota,Arkansas,South Dakota,1290
Iowa-Mississippi,Iowa,Mississippi,1290
Kansas-Mississippi,Kansas,Mississippi,1270
Alaska-Mississippi,Alaska,Mississippi,1220
Kansas-North Dakota,Kansas,North Dakota,1190
North Dakota-Wyoming,North Dakota,Wyoming,1190
Maryland-Vermont,Maryland,Vermont,1180
Montana-Vermont,Montana,Vermont,1170
Mississippi-North Dakota,Mississippi,North Dakota,1160
Iowa-South Dakota,Iowa,South Dakota,1150
Nebraska-South Dakota,Nebraska,South Dakota,1140
Nebraska-Wyoming,Nebraska,Wyoming,1140
Maryland-West Virginia,Maryland,West Virginia,1090
Massachusetts-Vermont,Massachusetts,Vermont,1080
Oregon-West Virginia,Oregon,West Virginia,1080
Arkansas-Wyoming,Arkansas,Wyoming,1050
Iowa-Vermont,Iowa,Vermont,1010
Mississippi-West Virginia,Mississippi,West Virginia,940
Mississippi-South Dakota,Mississippi,South Dakota,940
Nebraska-Vermont,Nebraska,Vermont,910
Connecticut-West Virginia,Connecticut,West Virginia,910
Mississippi-Montana,Mississippi,Montana,870
Kansas-Rhode Island,Kansas,Rhode Island,860
Iowa-Wyoming,Iowa,Wyoming,850
Oklahoma-Vermont,Oklahoma,Vermont,840
Arkansas-West Virginia,Arkansas,West Virginia,840
Alabama-Mississippi,Alabama,Mississippi,820
Idaho-New Hampshire,Idaho,New Hampshire,820
Arkansas-Vermont,Arkansas,Vermont,810
Alaska-Maine,Alaska,Maine,790
Louisiana-Mississippi,Louisiana,Mississippi,780
Connecticut-Rhode Island,Connecticut,Rhode Island,720
Maine-West Virginia,Maine,West Virginia,700
Montana-New Hampshire,Montana,New Hampshire,700
Kansas-South Dakota,Kansas,South Dakota,700
Maine-North Dakota,Maine,North Dakota,690
Idaho-Vermont,Idaho,Vermont,660
Mississippi-New Hampshire,Mississippi,New Hampshire,650
Nebraska-West Virginia,Nebraska,West Virginia,650
Alaska-Vermont,Alaska,Vermont,650
Montana-Rhode Island,Montana,Rhode Island,640
Iowa-Nebraska,Iowa,Nebraska,630
Vermont-Wyoming,Vermont,Wyoming,630
Idaho-Maine,Idaho,Maine,630
Indiana-West Virginia,Indiana,West Virginia,620
Rhode Island-South Dakota,Rhode Island,South Dakota,610
Idaho-Mississippi,Idaho,Mississippi,610
Kansas-Maine,Kansas,Maine,600
Kansas-Wyoming,Kansas,Wyoming,590
Idaho-Rhode Island,Idaho,Rhode Island,580
South Dakota-Wyoming,South Dakota,Wyoming,580
Rhode Island-West Virginia,Rhode Island,West Virginia,510
Kansas-Nebraska,Kansas,Nebraska,510
Maine-South Dakota,Maine,South Dakota,500
Maine-Wyoming,Maine,Wyoming,490
North Dakota-Rhode Island,North Dakota,Rhode Island,480
Montana-West Virginia,Montana,West Virginia,470
Kansas-New Hampshire,Kansas,New Hampshire,460
Mississippi-Wyoming,Mississippi,Wyoming,410
Kansas-Oklahoma,Kansas,Oklahoma,410
Rhode Island-Wyoming,Rhode Island,Wyoming,410
Kansas-West Virginia,Kansas,West Virginia,390
North Dakota-Vermont,North Dakota,Vermont,380
Mississippi-Vermont,Mississippi,Vermont,370
New Hampshire-West Virginia,New Hampshire,West Virginia,370
New Mexico-West Virginia,New Mexico,West Virginia,340
New Hampshire-North Dakota,New Hampshire,North Dakota,330
South Dakota-Vermont,South Dakota,Vermont,320
Ohio-West Virginia,Ohio,West Virginia,310
Alaska-Rhode Island,Alaska,Rhode Island,300
New Hampshire-South Dakota,New Hampshire,South Dakota,280
Iowa-West Virginia,Iowa,West Virginia,260
Kansas-Vermont,Kansas,Vermont,260
Alaska-West Virginia,Alaska,West Virginia,260
Vermont-West Virginia,Vermont,West Virginia,240
Kentucky-West Virginia,Kentucky,West Virginia,230
Connecticut-Maine,Connecticut,Maine,230
West Virginia-Wyoming,West Virginia,Wyoming,220
Connecticut-Vermont,Connecticut,Vermont,210
South Dakota-West Virginia,South Dakota,West Virginia,200
Idaho-West Virginia,Idaho,West Virginia,190
Maine-Vermont,Maine,Vermont,180
Alaska-New Hampshire,Alaska,New Hampshire,170
Connecticut-New Hampshire,Connecticut,New Hampshire,170
New Hampshire-Wyoming,New Hampshire,Wyoming,170
New Hampshire-Rhode Island,New Hampshire,Rhode Island,170
North Dakota-West Virginia,North Dakota,West Virginia,150
Maine-New Hampshire,Maine,New Hampshire,140
Rhode Island-Vermont,Rhode Island,Vermont,140
Maine-Rhode Island,Maine,Rhode Island,80
New Hampshire-Vermont,New Hampshire,Vermont,40
